relative_path,size_bytes,size_mb,extension,modified_time,sha256,category
data/original/Smartphone_Usage_And_Addiction_Analysis_7500_Rows.csv,601569,0.573701,.csv,2026-08-25T15:39:17.220821+00:00,2194ce1946e8559f26780049c8d972857d8378104f2c9ec25ed9ec35409f1074,DATA
data/sample_submission.csv,7703870,7.346983,.csv,2026-08-22T04:34:28.812568+00:00,206763fe5786fb9c80d4e9289a3b812030d3dbb36450c6eb63348098154ce63e,DATA
data/test.csv,18672999,17.807960,.csv,2026-08-22T04:34:28.967213+00:00,8b462dd47fe8165cd0b082bf33b56523c5811453070af48b9f86b2eb928de49e,DATA
data/train.csv,44855546,42.777582,.csv,2026-08-22T04:34:29.304790+00:00,f4669147311c76eb03496061a852af283efcf0f12cf5c19274e775def81edd9c,DATA
docs/PROJECT_AUDIT.md,25548,0.024364,.md,2026-08-31T17:29:47.998273+00:00,d2682d593569044a23540c76eca0c69541b29f31ceba4c5beaaae4c3df687324,DOC
notebooks/exp041_realmlp_kaggle.ipynb,5199,0.004958,.ipynb,2026-08-31T15:04:07.624743+00:00,8c4e0402f084755c2a89e1e601d888a8d0084b4692b9b51b26a63b44150b2990,NOTEBOOK
outputs/metrics/catboost_convergence_diagnostic.txt,1800,0.001717,.txt,2026-08-22T14:22:11.134552+00:00,5a65074e6b49dc6064e4c8d9f1cd4a73d66e01f37ff2a71179affd78f2e9c135,METRIC
outputs/metrics/depth5_regularization_diagnostic.txt,3759,0.003585,.txt,2026-08-24T03:12:12.133114+00:00,5bcbfc7c75c0b930dab10fe77c6e2dde50c53d3c89937ea885e306d97173af5f,METRIC
outputs/metrics/exp001_logistic_metrics.txt,498,0.000475,.txt,2026-08-22T04:49:46.090441+00:00,1f47e35580876f97bc8b5b2c55eed0f50526edf56a8579132a10168dd306591b,METRIC
outputs/metrics/exp001_logistic_oof.csv,19994444,19.068188,.csv,2026-08-22T04:49:42.451284+00:00,7c7a4789d2deda529bd7672759330cda06036e1b0357093e87d08cf933b82c38,PREDICTION
outputs/metrics/exp002_catboost_metrics.txt,796,0.000759,.txt,2026-08-22T05:15:24.730177+00:00,5840458faa66d0db77775451ee0f1cd2a9b07201725778aeda39d1d25988db97,METRIC
outputs/metrics/exp002_catboost_oof.csv,20036441,19.108239,.csv,2026-08-22T05:15:24.198508+00:00,47d9e7880f1841a8997ca4f5bc42fd6402278f044b21efa78d904a4107e85639,PREDICTION
outputs/metrics/exp003_catboost_metrics.txt,1198,0.001143,.txt,2026-08-22T13:04:01.664562+00:00,f2eb099f221324a469db09f7d007569defd0264b837e23cf1952ad173faf0535,METRIC
outputs/metrics/exp003_catboost_oof.csv,20064692,19.135181,.csv,2026-08-22T13:04:01.129282+00:00,b2b67196c44754d62c924f61334825b6968d958e8e196f1a2bff21c2e5eb61ea,PREDICTION
outputs/metrics/exp004_lightgbm_metrics.txt,950,0.000906,.txt,2026-08-22T15:00:49.098023+00:00,491bd44c34a94ad2b4b54e1e41f2cf9d5d11583ae30f2a85b04c8f2802b72dab,METRIC
outputs/metrics/exp005_blend_metrics.txt,1830,0.001745,.txt,2026-08-22T15:25:20.695706+00:00,99c248e4e7af2119e1bd9940b376e0ce033a1915e26076afa3faa29c6f985fde,METRIC
outputs/metrics/exp006_lightgbm_features_metrics.txt,1653,0.001576,.txt,2026-08-22T15:43:13.129156+00:00,5375578b75b8ecc459b1562556fd76ec64b0c16c8844a1071c282dd133c21149,METRIC
outputs/metrics/exp007_ensemble_metrics.txt,1367,0.001304,.txt,2026-08-22T18:18:33.942605+00:00,c872f187e5fb4d999896f7db10a87e8f5c9a48c82ee3c207d4bce62e9e3b4345,METRIC
outputs/metrics/exp008_xgboost_metrics.txt,1787,0.001704,.txt,2026-08-22T19:05:16.015279+00:00,2d48af2909e4c2b1c774aa290bfc0f3ee4c6e9fdc9f81472b67763c5f777ea61,METRIC
outputs/metrics/exp009_ensemble_metrics.txt,2564,0.002445,.txt,2026-08-22T22:42:16.548656+00:00,a200878c04b989d4f1dcff8e720b7e0642654e73919691d99ad8a100ad0691a9,METRIC
outputs/metrics/exp010_xgboost_features_metrics.txt,2064,0.001968,.txt,2026-08-22T23:20:14.828171+00:00,992bb39b83e5e7f22315793268723dfdf9f2ccf72b9b556cbb42b9f168a02e29,METRIC
outputs/metrics/exp011_ensemble_metrics.txt,2783,0.002654,.txt,2026-08-22T23:59:38.067580+00:00,7141f091d2fcaf0f7b2953a96817d5979268a7276bc164866880158bd7381913,METRIC
outputs/metrics/exp012_xgboost_thresholds_metrics.txt,3023,0.002883,.txt,2026-08-23T01:02:30.388741+00:00,a9b4e18e42e0687a43b57f8a5abc4fc759ed0553511995f0af07270d16915e80,METRIC
outputs/metrics/exp013_ensemble_metrics.txt,5739,0.005473,.txt,2026-08-23T02:09:11.670064+00:00,e096a0edfa49c846ae608ab52e19bd3489f610170cd1a1a58f64ea9a603cd43a,METRIC
outputs/metrics/exp014_xgboost_ambiguous_metrics.txt,4458,0.004251,.txt,2026-08-23T04:04:52.291609+00:00,d32bcd0327324b6115c2b3cd1b1e4118dd4c0816925c5766f6e243c16221e865,METRIC
outputs/metrics/exp015_xgboost_depth5_metrics.txt,2996,0.002857,.txt,2026-08-23T11:42:14.870008+00:00,317f9ea1188ff3a3d42ce3dd190548178e480c71677f17cf1f13d5d57d2bf679,METRIC
outputs/metrics/exp016_xgboost_depth5_9000_metrics.txt,3725,0.003552,.txt,2026-08-23T16:30:25.457553+00:00,31931037cd63d0c4211734e0bda58f6f19083bbab0f1dbb66e765aebe4cea951,METRIC
outputs/metrics/exp017_ensemble_metrics.txt,9108,0.008686,.txt,2026-08-23T20:21:15.179341+00:00,1d340f75f58887853ff17f9e9515064885ba4fd5b2781811548b9fe5810829e2,METRIC
outputs/metrics/exp018_xgboost_nested_negative_metrics.txt,7248,0.006912,.txt,2026-08-23T21:38:06.450349+00:00,784ceea04c327a61974c4db28c951d13e30664dbc79ddfd6f4f3e9add07f55cb,METRIC
outputs/metrics/exp019_lightgbm_thresholds_metrics.txt,3771,0.003596,.txt,2026-08-24T03:35:44.164113+00:00,53dc838850f40780e5d6f4b6630ddf276cf78302050146c5309e4b71269d557c,METRIC
outputs/metrics/exp020_catboost_thresholds_metrics.txt,3912,0.003731,.txt,2026-08-24T12:23:12.086247+00:00,54ed0ac9ad84acb807ba84588c1bf694e6905509d62995c8a4e5f4fb45301a21,METRIC
outputs/metrics/exp021_ensemble_metrics.txt,8666,0.008265,.txt,2026-08-24T12:41:59.991963+00:00,b068007e5050b716927b327b1d1afe1d41ac6e07aeedf00e8898673439b4c21e,METRIC
outputs/metrics/exp022_catboost_thresholds_9000_metrics.txt,11720,0.011177,.txt,2026-08-24T15:36:41.788049+00:00,d293ef4c78d65f63db03bd102b7cd7314dc217d6e831189ae4b491111f6aa000,METRIC
outputs/metrics/exp023_nested_gating_diagnostic.txt,4547,0.004336,.txt,2026-08-25T08:30:43.865622+00:00,0392ffc3bb818abda2a299f093ed3acc4358dc4da5ed1b0215e2c0255e4f2ea5,METRIC
outputs/metrics/exp023_stack_logreg_metrics.txt,9326,0.008894,.txt,2026-08-25T08:42:30.800249+00:00,f161ac2e21ab89c7c296849a689c63604dcfaeae32d6770ad9843a6010392fe0,METRIC
outputs/metrics/exp024_nearest_neighbors_diagnostic.txt,7699,0.007342,.txt,2026-08-25T14:46:48.807343+00:00,1a6b38cccbc69ef41279c8d38a14809a74496fc921085f295152ef0bcd13a642,METRIC
outputs/metrics/exp025_adversarial_validation.txt,9163,0.008739,.txt,2026-08-25T15:14:12.440036+00:00,3db10e56f6062e85e37a5235791909c6af0a74815cb9d14bd0e96e832079b45b,METRIC
outputs/metrics/exp026_original_forensics.txt,27085,0.025830,.txt,2026-08-25T15:44:15.823554+00:00,cf9cb91b62f59f78e3d35f6e591ba47f725c45bf73efd2563ef701aafc554b4f,METRIC
outputs/metrics/exp027_seed_diversity.txt,42079,0.040130,.txt,2026-08-25T17:54:21.684276+00:00,09ca2c6b078f0a580131a445ee83c1874f1fa3b3ce86db3e5db0fa185a558f37,METRIC
outputs/metrics/exp028_seed5_metrics.txt,3739,0.003566,.txt,2026-08-25T20:41:54.429390+00:00,37572f7f3c81eb638910d074c2886189c8de13942bd9bc46c58444181cbcd107,METRIC
outputs/metrics/exp029_pairwise_ranking.txt,17267,0.016467,.txt,2026-08-26T01:18:02.439936+00:00,24ed7d638557e814eb4d52ef29fb25c99a64e598dd3b59eb7f6e3a68634f5857,METRIC
outputs/metrics/exp030_rank_corrector_metrics.txt,4388,0.004185,.txt,2026-08-26T01:33:53.788886+00:00,fee6f1a3c871989f70725803a8c1d645f8b8e6a13cb8a1a6315dd2f917af86d7,METRIC
outputs/metrics/exp031_extratrees_metrics.txt,1455,0.001388,.txt,2026-08-26T02:09:14.188094+00:00,1079ce84788ab44ea4908388c2a33621c6a7fe975e7c480979eca3feae45e2c8,METRIC
outputs/metrics/exp031b_extratrees_metrics.txt,3830,0.003653,.txt,2026-08-26T06:46:41.868093+00:00,8f6ec1ae0a498d12d11a2e26d3b499b5a2ad352976e9d79bf2a3b6b08eb91ccb,METRIC
outputs/metrics/exp032_neural_metrics.txt,992,0.000946,.txt,2026-08-26T14:06:00.972368+00:00,fbd20a977ddaf49113f8db1b4624f7fca4b025fe5f5f9fb752c47bd845c51b2f,METRIC
outputs/metrics/exp033_exact_value_te_metrics.txt,23124,0.022053,.txt,2026-08-26T14:37:35.989843+00:00,d696e154ecb239b63259d3026a56843ea9db6530474169d4165d247e833e9ccf,METRIC
outputs/metrics/exp034_factorization_machine.txt,5224,0.004982,.txt,2026-08-26T14:48:28.764865+00:00,18aba51e899c48a30907b64ad9b68c40b18b8edcaf4230db8c0344b2cb996ed9,METRIC
outputs/metrics/exp035_exact_logistic_metrics.txt,10689,0.010194,.txt,2026-08-26T15:35:52.990427+00:00,bf106006c8f11dca858fbc09e1dda4c7ce8081d479187e433fbfff20c4b6ef4c,METRIC
outputs/metrics/exp036_ratio_ablation_metrics.txt,12414,0.011839,.txt,2026-08-26T18:20:33.018747+00:00,31641350114b25e5bf245cded370504cd2797a316f5ae68eef32bd48c75a04c6,METRIC
outputs/metrics/exp037_relational_metrics.txt,10694,0.010199,.txt,2026-08-27T04:00:46.555066+00:00,d8a1802648a8d18279f08e2df2fe12b94a8f1d55a49dfc1f5554a3ce371433a5,METRIC
outputs/metrics/exp038_discretization_metrics.txt,12511,0.011931,.txt,2026-08-28T23:02:07.704618+00:00,ec154a67290ac01a0f88ff23ccccd3067456de018714839cbeda7acc47a4f2ff,METRIC
outputs/metrics/exp039_highbin_metrics.txt,12495,0.011916,.txt,2026-08-29T06:54:40.491783+00:00,1bd376e43095f452f3f45ed9aa77731fc46afdcc9291ba9eb288fc58ba63c30c,METRIC
outputs/metrics/exp040_dual_repr_metrics.txt,8572,0.008175,.txt,2026-08-31T09:35:44.365798+00:00,1359114ed41ea98a027d0dc0a47ebf269830e6d2eb2c00312d83010c0970f8eb,METRIC
outputs/metrics/experiment_log.csv,5450,0.005198,.csv,2026-08-29T06:54:40.490813+00:00,4dcc1b51dc6b15fb23c0353e019253ed7fc7e4775840263afab6963379eeb7bd,METRIC
outputs/metrics/negative_zone_diagnostic.txt,18245,0.017400,.txt,2026-08-23T20:35:09.703578+00:00,d862ac2a49b357337302783cce28d94f8a3b916af55834dc4e45393d5f2f697a,METRIC
outputs/metrics/threshold_diagnostic.txt,28269,0.026959,.txt,2026-08-23T03:22:29.284167+00:00,79fe32845387b5e5baf2f231b456d88aa79ef793502c6b80a92120726c7097a3,METRIC
outputs/metrics/weak_bands_diagnostic.txt,10246,0.009771,.txt,2026-08-25T08:25:37.713892+00:00,cff6872898c7f16e1e2880a2b2a862829ab757a62ac2d9de7b21dbf28d467739,METRIC
outputs/metrics/xgboost_hyperparam_diagnostic.txt,6940,0.006618,.txt,2026-08-23T06:59:24.011925+00:00,809e353dde5147fc6117fdf8a2a74c7e165366a2d13d8c4f9606f912cad84452,METRIC
outputs/predictions/oof_exp003_catboost.csv,19813659,18.895778,.csv,2026-08-22T15:00:49.097018+00:00,f9efcac91aa30fffafb29a89e3e4d382fac7ba4e2d5a14f243f0124cb4b0ce86,PREDICTION
outputs/predictions/oof_exp004_lightgbm.csv,20068787,19.139087,.csv,2026-08-22T15:00:46.614322+00:00,4a79d9a778d09038f7cb3112f912a8ae84b4a481ce7d24024f6fb37f95af6737,PREDICTION
outputs/predictions/oof_exp006_lightgbm_features.csv,20071433,19.141610,.csv,2026-08-22T15:43:12.117870+00:00,8da7c51073f2e910b7b0c344f564160688656ee2c8c78e47f154fb9f79286b1f,PREDICTION
outputs/predictions/oof_exp008_xgboost.csv,20057501,19.128324,.csv,2026-08-22T19:05:13.072625+00:00,d931525ce326559702dfb7b277f31878d5582c2594c3eb81490205446b5bc81e,PREDICTION
outputs/predictions/oof_exp010_xgboost_features.csv,20061480,19.132118,.csv,2026-08-22T23:20:11.693756+00:00,062e5fb5824662e8e99b4dd5f7f1929df936f3d93c4e3f7b93f326796be1f063,PREDICTION
outputs/predictions/oof_exp012_xgboost_thresholds.csv,20056969,19.127816,.csv,2026-08-23T01:02:25.746309+00:00,f3fb709bdf63aa53569f8a3444d19e411067878e82e4227eae2d86069762507d,PREDICTION
outputs/predictions/oof_exp014_xgboost_ambiguous.csv,20059850,19.130564,.csv,2026-08-23T04:04:47.619604+00:00,d9ea65c489a8f11ac41b9f1013691d0f01bbac9151b3a028027aaf26750ba638,PREDICTION
outputs/predictions/oof_exp015_xgboost_depth5.csv,20026220,19.098492,.csv,2026-08-23T11:42:13.734184+00:00,fda9cf21d6dc65b1e186b2bd4e58ed177b7ad4babb42e287607f1d59e57dcc31,PREDICTION
outputs/predictions/oof_exp016_xgboost_depth5_9000.csv,19973587,19.048297,.csv,2026-08-23T16:30:24.372935+00:00,f1d4e819833df78741991c32b746cbe9deb005a3abce01d35f54b21f4785ea7f,PREDICTION
outputs/predictions/oof_exp018_xgboost_nested_negative.csv,19974837,19.049489,.csv,2026-08-23T21:38:05.445271+00:00,44abdb8a834cf4b44e568d1c895c4d1626809294c6c405978425730a1316e976,PREDICTION
outputs/predictions/oof_exp019_lightgbm_thresholds.csv,20076060,19.146023,.csv,2026-08-24T03:35:43.138788+00:00,1f5aa34eb99e14d2175b0435d602bc2bb21a16954cbbeee867e1b5e26ae832ee,PREDICTION
outputs/predictions/oof_exp020_catboost_thresholds.csv,20075483,19.145473,.csv,2026-08-24T12:23:11.087523+00:00,e11aadf44c8eca1f22eeebdc796e212a42e47f01de5250bd446c627c23771b0a,PREDICTION
outputs/predictions/oof_exp022_catboost_thresholds_9000.csv,20076703,19.146636,.csv,2026-08-24T15:36:40.783107+00:00,142c97ddd25ef18587405f0014360a7074782c1f186bdbc74fb0529933c575c8,PREDICTION
outputs/predictions/oof_exp023_nested_gating_diagnostic.csv,48383401,46.142007,.csv,2026-08-25T08:30:43.857623+00:00,70025f4b6599e392b0f4fd187b27d1a1c47df30b966a75b53f3cb1fa7481e982,PREDICTION
outputs/predictions/oof_exp023_stack_logreg.csv,21472123,20.477412,.csv,2026-08-25T08:42:30.788281+00:00,86caa4f96451d4161371486765baacffa4d834e511e9bb258afa6db49a4926a2,PREDICTION
outputs/predictions/oof_exp024_best_nested_blend.csv,41267613,39.355863,.csv,2026-08-25T14:46:48.796376+00:00,538ec0284feb6907fa576540ec627af5e4aeda377b808df52356c4a6308fe6cc,PREDICTION
outputs/predictions/oof_exp025_adversarial_train.csv,20234419,19.297046,.csv,2026-08-25T15:14:12.419029+00:00,95fe8fb7858ac86f5963d4be5c627418458d93cd7313348aefd4f1221ca46251,PREDICTION
outputs/predictions/oof_exp026_original_prior_blend.csv,56742825,54.114175,.csv,2026-08-25T15:44:15.748812+00:00,36aeed8a212e5c454f725ddf1dc5c0354ddd0bc1867e78c05b7f7e514e3045d1,PREDICTION
outputs/predictions/oof_exp027_seed2026.csv,19983726,19.057966,.csv,2026-08-25T17:52:51.581682+00:00,9464e220bab0ab653e1f8ec451f0b79f84f44c354aa9e09b1e37a6ed02c9c6a6,PREDICTION
outputs/predictions/oof_exp027_seed42.csv,19705511,18.792640,.csv,2026-08-25T17:52:49.829482+00:00,1b6095159b04b7692384ab1b1c18b29e66ba3d35633884aa906f16c9d6a8fc32,PREDICTION
outputs/predictions/oof_exp027_seed777.csv,19993239,19.067039,.csv,2026-08-25T17:52:53.294063+00:00,79123a8960a7100de2f082d82c74d9b3e5df8052ee72fe547718fedcc9deff0f,PREDICTION
outputs/predictions/oof_exp028_seed1234.csv,19966560,19.041595,.csv,2026-08-25T20:31:22.411319+00:00,a439cefa185933c422d8ca310dbc3372b4956d0a5885a062986f5c38a91d45a7,PREDICTION
outputs/predictions/oof_exp028_seed31415.csv,19987639,19.061698,.csv,2026-08-25T19:49:41.530993+00:00,1bd8fb9ceecd67890aa80fbf49c4234dc1e4a4b079ba24ce0205ff5c8d2bbb84,PREDICTION
outputs/predictions/oof_exp030_rank_corrector.csv,35557691,33.910457,.csv,2026-08-26T01:33:53.778371+00:00,75b9dd8c6a4e6c32fefc4373ed962d0877c1014668e86b6499a8c20f9ff868dd,PREDICTION
outputs/predictions/oof_exp031b_extratrees.csv,19742881,18.828279,.csv,2026-08-26T06:46:35.924058+00:00,e8c6ed55eae037e013da2fd65a6804a58f3140ad1c1007f32a2d6ef20eb2ca99,PREDICTION
outputs/predictions/oof_exp033_best_te_nested.csv,21506502,20.510199,.csv,2026-08-26T14:36:18.128537+00:00,675d7383677b21c9a4e236890a767534fec8f937ca94f57d468d6bb214c7ec44,PREDICTION
outputs/predictions/oof_exp034_fm.csv,19954756,19.030338,.csv,2026-08-26T14:48:22.662630+00:00,7ccc39b02c210dc09fe480195521fc36550bb6897d197323c52679f6d418c65c,PREDICTION
outputs/predictions/oof_exp035_exact_logistic.csv,20091247,19.160506,.csv,2026-08-26T15:33:09.991332+00:00,13360535fe8cdeadbf75e11912adf640bb538834d511e9f5412838931c4225ab,PREDICTION
outputs/predictions/oof_exp036_ratio_logistic.csv,20093211,19.162379,.csv,2026-08-26T18:19:49.263674+00:00,6c345f409f00c02e827d4aa43f605191abbe8920e37a097651944d6f2b2930c8,PREDICTION
outputs/predictions/oof_exp037_relational_logistic.csv,20098279,19.167212,.csv,2026-08-27T03:54:13.804598+00:00,b388ec5885cfd5991341549b5073f4dc6657ad43fd080b4b47259d56cf30602c,PREDICTION
outputs/predictions/oof_exp038_discretized_logistic.csv,20098279,19.167212,.csv,2026-08-28T23:01:54.959426+00:00,b388ec5885cfd5991341549b5073f4dc6657ad43fd080b4b47259d56cf30602c,PREDICTION
outputs/predictions/oof_exp039_lgbm_highbin.csv,20078673,19.148515,.csv,2026-08-29T06:51:21.624273+00:00,76ff515be41bdc0a5a01644c149e0fdb9be36a7c411b64239e08cb001e84905f,PREDICTION
outputs/predictions/oof_exp039_lgbm_highbin_raw.csv,20078088,19.147957,.csv,2026-08-29T04:18:23.632812+00:00,dc8323cf5abb51394e42ebd472f7e29a8f40577a987509d89ce0becd19ea38b2,PREDICTION
outputs/predictions/test_exp004_lightgbm.csv,8055926,7.682730,.csv,2026-08-22T15:00:47.058636+00:00,fc1483c311e9c7080704dde90dcd1da1ca6426634b3fbf5626632049e2c84ffe,PREDICTION
outputs/predictions/test_exp006_lightgbm_features.csv,8057153,7.683900,.csv,2026-08-22T15:43:12.578558+00:00,2294ba6c5f6116eca3906f6788f2616921031c512f04649a17b3cfe5ca13fc50,PREDICTION
outputs/predictions/test_exp008_xgboost.csv,8059272,7.685921,.csv,2026-08-22T19:05:13.521941+00:00,1f7957080ae08159d6b210f1e1701b09ef8b42f78afe8251e6adad751e933850,PREDICTION
outputs/predictions/test_exp010_xgboost_features.csv,8058716,7.685390,.csv,2026-08-22T23:20:12.170635+00:00,1c3b51a86c8e541d6cab37e9a94aaed74507618eb920d74b74f3a49fd855ef35,PREDICTION
outputs/predictions/test_exp012_xgboost_thresholds.csv,8059847,7.686469,.csv,2026-08-23T01:02:26.225101+00:00,43bcd364d8cd802fc868b1f7cb422c87a44b4045aab405579c35280ea5828379,PREDICTION
outputs/predictions/test_exp014_xgboost_ambiguous.csv,8059922,7.686541,.csv,2026-08-23T04:04:48.062746+00:00,d3a05e1f7bc75c3e045a0360e586417bd98e0bf86a87e44a091092c4c77946f4,PREDICTION
outputs/predictions/test_exp015_xgboost_depth5.csv,8052721,7.679673,.csv,2026-08-23T11:42:14.288902+00:00,40e525638f989541a3b0e82d9c5e287fae027374442f31073a35ebe3f7b86e08,PREDICTION
outputs/predictions/test_exp016_xgboost_depth5_9000.csv,8042294,7.669729,.csv,2026-08-23T16:30:24.850714+00:00,832ff6f8b7dfb5cf2957c55e102d3bc10880d75054a730ae66cf0994077fb051,PREDICTION
outputs/predictions/test_exp018_xgboost_nested_negative.csv,8042021,7.669469,.csv,2026-08-23T21:38:05.895347+00:00,6791c229e12778d5753b0839b1c91aa4d9d16b918a72921744b827322d32f43a,PREDICTION
outputs/predictions/test_exp019_lightgbm_thresholds.csv,8059356,7.686001,.csv,2026-08-24T03:35:43.593320+00:00,8d0598063a2affe68218ff247aab11e8adbc6109425f6ff1a831b41f4fe21bb9,PREDICTION
outputs/predictions/test_exp020_catboost_thresholds.csv,8059304,7.685951,.csv,2026-08-24T12:23:11.531098+00:00,b995922213570b89aebebffa22dc3756ee4c5ab24d506bec5ee1d38a43ef24c3,PREDICTION
outputs/predictions/test_exp022_catboost_thresholds_9000.csv,8060186,7.686792,.csv,2026-08-24T15:36:41.223094+00:00,d25e5ef6d67ca0e87a58ec88d69bb36b9fbdd51d2c0bbe903a68219de99abefb,PREDICTION
outputs/predictions/test_exp028_seed1234.csv,8040015,7.667556,.csv,2026-08-25T20:31:22.856533+00:00,1f57a24bccb1af9d3e0fe944a54998644ddc4200a44ccaba02bd1a592b884514,PREDICTION
outputs/predictions/test_exp028_seed31415.csv,8046067,7.673327,.csv,2026-08-25T19:49:41.964624+00:00,3f1a1f2502eb61dfe10d7c69e3a2c3c9b84a4af8b30f7101091625a4e1b508a3,PREDICTION
outputs/predictions/test_exp031b_extratrees.csv,7998089,7.627572,.csv,2026-08-26T06:46:36.427277+00:00,8345cb5219a5a629884196af8e080db463c332092efd6aed5f60024b822e63e3,PREDICTION
outputs/predictions/test_exp034_fm.csv,8013765,7.642522,.csv,2026-08-26T14:48:23.104899+00:00,0fc1bcc35363fab8fd4b6b5c630353a0be76c362368115928e61e6431ae40da3,PREDICTION
outputs/predictions/test_exp035_exact_logistic.csv,8066098,7.692430,.csv,2026-08-26T15:33:10.497035+00:00,45966f422234a4098f594fbe51396e25d2075e2e0dede4a72bf84886a2325891,PREDICTION
outputs/predictions/test_exp036_ratio_logistic.csv,8066457,7.692773,.csv,2026-08-26T18:19:49.703618+00:00,e55323f6b7f0ef2f08823c97396e02a8ad275d31579a305b7faae0475ea5e0da,PREDICTION
outputs/predictions/test_exp037_relational_logistic.csv,8068652,7.694866,.csv,2026-08-27T03:54:14.249658+00:00,d3714401bd6ab84a5a60de05f152db956aeb7bab5fc653d7aafb1a8b79ef9989,PREDICTION
outputs/predictions/test_exp038_discretized_logistic.csv,8068652,7.694866,.csv,2026-08-28T23:01:55.456049+00:00,d3714401bd6ab84a5a60de05f152db956aeb7bab5fc653d7aafb1a8b79ef9989,PREDICTION
outputs/predictions/test_exp039_lgbm_highbin.csv,8060595,7.687182,.csv,2026-08-29T06:51:22.065063+00:00,c7c3429d924d9d44882d2d711af0c352fbdfaedc321dd910cf4e85f5d76ee615,PREDICTION
outputs/predictions/test_exp039_lgbm_highbin_raw.csv,8060005,7.686620,.csv,2026-08-29T04:18:24.096505+00:00,1da8ca9dd63c4c7de31e58fcfd41607b337d4a3c2a1cd3eeae8529bbd4bf8c6e,PREDICTION
outputs/reports/catboost_convergence.csv,245933,0.234540,.csv,2026-08-22T14:22:11.121010+00:00,2c9314388e7da0dfd0a309a9ce63ea93b9e7c3912bf10923323c84b7eef03f2b,REPORT
outputs/reports/data_audit.txt,11553,0.011018,.txt,2026-08-22T04:45:44.132446+00:00,0933379bc5f4b0bd2b77547c5bf250e453b7518c11fcf58583118abe777886d0,REPORT
outputs/reports/depth5_regularization_diagnostic.csv,1802,0.001719,.csv,2026-08-24T02:51:28.357539+00:00,9e839a0d8a23b314cf240b26e19841f3da85ac1d2688dcd81524c61d44a4d72f,REPORT
outputs/reports/exp016_learning_curve.csv,2397,0.002286,.csv,2026-08-23T16:30:25.349846+00:00,2f48c1cc843e05aa2a849c3597a2b8b140ec7be4239f5d3f41c5000c74bd02da,REPORT
outputs/reports/exp018_nested_rules_by_fold.csv,2925,0.002789,.csv,2026-08-23T21:38:06.339742+00:00,a5d2bf2bb8f4d1e07c4bced5bde4c80172b478f88547f072fa5bacd054dffe1d,REPORT
outputs/reports/exp023_nested_gate_by_fold.csv,2286,0.002180,.csv,2026-08-25T08:30:43.860624+00:00,88d2027e4a2ad35ed8acc08b0cd174c9738e044bf6a097e28da49b3a3ae1d93a,REPORT
outputs/reports/exp023_stack_coefficients.csv,5090,0.004854,.csv,2026-08-25T08:42:30.791250+00:00,385a26f203d11bd62079d7f3fcb914dbd5dc1b50e1e2332272bca4a4a5569069,REPORT
outputs/reports/exp024_knn_configs.csv,29071,0.027724,.csv,2026-08-25T14:45:08.832942+00:00,c68ed922383112cdf7f17a42e85bbb64ce845ecd9316fb6fc1870f8bf878d53b,REPORT
outputs/reports/exp024_nearest_distance_bands.csv,1283,0.001224,.csv,2026-08-25T14:46:45.185780+00:00,bc979843b2418fab5d564048869adc0efb4ebee441835241d4050a790b0cdd79,REPORT
outputs/reports/exp024_signature_results.csv,1899,0.001811,.csv,2026-08-25T14:46:24.100218+00:00,705566fe237dfa624129758e7e05efdecbc7d47e339e1e0ae6e7a5060bc34716,REPORT
outputs/reports/exp025_adversarial_quintiles.csv,830,0.000792,.csv,2026-08-25T15:14:11.076984+00:00,f2603887f9b2b499512df2e3afd9daf8ec4db26930f978f9a56fbaa2325f2991,REPORT
outputs/reports/exp025_distribution_distances.csv,1115,0.001063,.csv,2026-08-25T15:14:11.075985+00:00,acaa997365e651d7b1f2a996a8d15b07ef0d95eba027aa4108abb4c4d64beed1,REPORT
outputs/reports/exp025_feature_shift.csv,1769,0.001687,.csv,2026-08-25T15:14:11.072984+00:00,2ad683805c5f0d43abbf07a0fbd502a31fd4a24817f94c4ad3972b8965c3178e,REPORT
outputs/reports/exp025_missing_shift.csv,1213,0.001157,.csv,2026-08-25T15:14:11.074985+00:00,d67c8b4d57b0d1e00ab24b29e8b1e8ad386d09ac443c78e3b2c4a874ac3655c4,REPORT
outputs/reports/exp026_correlation_shift.csv,7677,0.007321,.csv,2026-08-25T15:44:12.427597+00:00,8247a0310c2587b3c7a9fe7d2c84c41b05e87ad3f20149c6a67f28ce371b92a2,REPORT
outputs/reports/exp026_distance_to_original.csv,1494,0.001425,.csv,2026-08-25T15:44:12.432599+00:00,e472993906373fe6ee5f36944281f8c769c25dfbac26cbfcbf41e215445bc843,REPORT
outputs/reports/exp026_original_ambiguous_analysis.csv,4171,0.003978,.csv,2026-08-25T15:44:12.430598+00:00,e6ff12371664e03b306b42c95b916c7a7557b6ba595e4824a83a3754039cc28b,REPORT
outputs/reports/exp026_original_priors.csv,1143,0.001090,.csv,2026-08-25T15:44:12.431600+00:00,ea6a35a36758851d6a5503fd21634fac42d5cb415e574d7c63d3e8a9e565cae3,REPORT
outputs/reports/exp026_original_vs_synthetic_distributions.csv,3779,0.003604,.csv,2026-08-25T15:44:12.426628+00:00,979c9c9dfbea3f32269912678bbe70dcfb2faf9b109050d0d557bb71f3cfee7e,REPORT
outputs/reports/exp027_seed_correlations.csv,355,0.000339,.csv,2026-08-25T17:54:21.653275+00:00,1f217cbb533434d7e259e52e3feb8f8a32371d349bd4590ae614c9fdc842ac40,REPORT
outputs/reports/exp027_seed_ensemble_results.csv,29038,0.027693,.csv,2026-08-25T17:54:20.801517+00:00,cfc557db89cd76e9a34d95321af9dd952b6456bef50619d57077d1b2b2e4e564,REPORT
outputs/reports/exp027_seed_fold_metrics.csv,926,0.000883,.csv,2026-08-25T17:54:21.657274+00:00,e680cb003520bd775957562eddb88c4f848438602046c375e44d24b71fa5ad43,REPORT
outputs/reports/exp028_final_blends.csv,4629,0.004415,.csv,2026-08-25T20:41:54.425385+00:00,dda2c0af0a0b6e2cc31fddce9bca761d14b98c0f7f00ef9206762f4da00fc056,REPORT
outputs/reports/exp028_seed_correlations.csv,511,0.000487,.csv,2026-08-25T20:40:45.313271+00:00,c66d8d869366ba0e414c01f5f3a226571166f4e4617d956f5d5d357c9c1a81d0,REPORT
outputs/reports/exp028_seed_fold_metrics.csv,612,0.000584,.csv,2026-08-25T20:31:21.252752+00:00,9e594efef3a5624ad4f7523b71ecb13d642e05890e4227bf328501ebd0b51bf4,REPORT
outputs/reports/exp028_seed_marginal_gain.csv,6059,0.005778,.csv,2026-08-25T20:41:54.421385+00:00,d1be85121fe59c717d7dcb205069d9c4afd75f2b4be1d0dc3133697cca8ecd38,REPORT
outputs/reports/exp028_seed_subset_results.csv,3655,0.003486,.csv,2026-08-25T20:41:54.423356+00:00,cacb6fb4f71a4d4ae4be1a7bbb231e7b1126f4900b87e2119ae665b79c15a893,REPORT
outputs/reports/exp029_feature_shifts.csv,6450,0.006151,.csv,2026-08-26T01:17:45.359667+00:00,9fad18fa3b19d8e09aa38c7007e94782f27735219516ca8c9b2a6f84c4630d75,REPORT
outputs/reports/exp029_hard_cases.csv,2296,0.002190,.csv,2026-08-26T01:17:42.882838+00:00,899063f119de3bbb2d4bff9bd977f225ed3066c1ef6939e76e2a5fe8cf395860,REPORT
outputs/reports/exp029_pair_error_features.csv,1808,0.001724,.csv,2026-08-26T01:17:59.922895+00:00,6e116145bb14314e5d7d5d234224d76e6f09b6709f1ba16cf63bd5cb28932600,REPORT
outputs/reports/exp029_pairwise_model_comparison.csv,1946,0.001856,.csv,2026-08-26T01:17:59.998483+00:00,549608ee6d2df47aac22422622de496560124832600e63ff06576a3456c8874e,REPORT
outputs/reports/exp029_score_bands.csv,1411,0.001346,.csv,2026-08-26T01:18:00.289783+00:00,66ee98fcb8803b3d4d1a7db12475a663c3e48ec66eef4b8c98a964a530c450ec,REPORT
outputs/reports/exp030_band_results.csv,1682,0.001604,.csv,2026-08-26T01:33:51.344805+00:00,67cb1659e2c5a53bc40ef389fa09ba18a33e45fd0e9b09874572fa59e46c2dea,REPORT
outputs/reports/exp030_fold_choices.csv,752,0.000717,.csv,2026-08-26T01:33:43.364932+00:00,f3ed6b14923adfd78c46580a2628830f0b6ae03593aa5fb3d86cdf9632c7c231,REPORT
outputs/reports/exp030_pairwise_results.csv,500,0.000477,.csv,2026-08-26T01:33:50.584650+00:00,8c488b756266f846b3d36bc4ed95d5e93f1e252a44944e5482d41cc9413ff26a,REPORT
outputs/reports/exp031b_blends.csv,2,0.000002,.csv,2026-08-26T06:46:41.860576+00:00,7eb70257593da06f682a3ddda54a9d260d4fc514f645237f5ca74b08f8da61a6,REPORT
outputs/reports/exp031b_correlations.csv,259,0.000247,.csv,2026-08-26T06:46:41.332299+00:00,1e3fe11bf95017125b7133d4b96f1976cf4185b7aa4393bb640b1496752c7bca,REPORT
outputs/reports/exp031b_fold_progress.csv,328,0.000313,.csv,2026-08-26T06:46:34.555518+00:00,5b0e9d0486e817a6f9c559cd1be16c995cae5c1a3d86be214b73f36a888157cf,REPORT
outputs/reports/exp031b_regional.csv,939,0.000896,.csv,2026-08-26T06:46:41.856565+00:00,258fb84ff29cb000eba6d1a2014558f253cadfa850faa580f93a07bb3d3ae2e2,REPORT
outputs/reports/exp032_neural_blends.csv,35,0.000033,.csv,2026-08-26T14:06:03.800598+00:00,d41c6bc543b6b9f434dc82922158b61c15cf47e5ebd8358c8c91acc07ec4af3a,REPORT
outputs/reports/exp032_neural_correlations.csv,23,0.000022,.csv,2026-08-26T14:06:01.898278+00:00,d5fb1b5d1de8e3bffee4d639121fc990926bda3b807df484e319f6a65afce52e,REPORT
outputs/reports/exp032_neural_folds.csv,212,0.000202,.csv,2026-08-26T14:05:37.187516+00:00,e49603be633dc7c89090ef4090a85cdf4f699e4d861aeb7e6a74a170337cc9d2,REPORT
outputs/reports/exp032_neural_regional.csv,32,0.000031,.csv,2026-08-26T14:06:02.865680+00:00,28c7384c1d4c6216fc1c93b6789f6ee9ffa058db7622f3372f334e1da1a9c5c3,REPORT
outputs/reports/exp033_pair_te_results.csv,5291,0.005046,.csv,2026-08-26T14:36:34.156088+00:00,235e6c8d9a8e5df10a05806c9436b8a56b808a0a6dfc55de8a6d0ddbc359fd1d,REPORT
outputs/reports/exp033_te_blends.csv,1446,0.001379,.csv,2026-08-26T14:36:16.837467+00:00,4a47641e18094d6d3fc38a49d077e800a2d0aaa0a818499536da351e1d6cda55,REPORT
outputs/reports/exp033_te_correlations.csv,7012,0.006687,.csv,2026-08-26T14:29:02.847491+00:00,ba30e37a5e4860e6f761574432baf3563dc17d03003385b60d6dab710f565060,REPORT
outputs/reports/exp033_te_results.csv,25999,0.024795,.csv,2026-08-26T14:28:39.892052+00:00,f1a8d3863786762e4f8717dbc5cd6bcfb896cc5bc69ae3c365ccd7504f132c3a,REPORT
outputs/reports/exp033_te_stability.csv,1282,0.001223,.csv,2026-08-26T14:28:45.138674+00:00,925030d690a27ad5555f708c21a6855202b01dfc65747dbcedbfb8894e66549c,REPORT
outputs/reports/exp033_test_transferability.csv,4846,0.004622,.csv,2026-08-26T14:36:35.877049+00:00,be575f5bb5c3784029d45d144fbd407f7042d169789f7570dd4256c78d98d26e,REPORT
outputs/reports/exp033_value_cardinality.csv,2335,0.002227,.csv,2026-08-26T14:27:02.892095+00:00,94b1c946e9d6bf8842ec056c7e4386553b7c2003de9a29d1bd1ecda03f4eeb07,REPORT
outputs/reports/exp034_blends.csv,75,0.000072,.csv,2026-08-26T14:48:51.079526+00:00,a9768e43bdef910f380f10b1fe97b96e400cc0b5aa852d2e5f758ff176a0dca8,REPORT
outputs/reports/exp034_correlations.csv,315,0.000300,.csv,2026-08-26T14:48:27.171466+00:00,62bd22dc55cabf3bd97e2c7bf3bbd5fdd8976c6cf7f0ea8c9e78099f1fdd3a72,REPORT
outputs/reports/exp034_folds.csv,541,0.000516,.csv,2026-08-26T14:48:21.540004+00:00,584b03b44f81fc4ee57c28a3b4b1486198e6f628930d18641880a2ffaf3e0347,REPORT
outputs/reports/exp034_interactions.csv,49019,0.046748,.csv,2026-08-26T14:48:28.754863+00:00,c5e10ecd7a33b9771fdccd8ad4d862dc2abd1a5a2d23a65269a95ae5d0a2bed6,REPORT
outputs/reports/exp034_pairwise.csv,379,0.000361,.csv,2026-08-26T14:48:28.733859+00:00,48f8195df4612983634ac2162edd6b606bf4acf9f8013f42e07867bf9f7319d0,REPORT
outputs/reports/exp034_regional.csv,875,0.000834,.csv,2026-08-26T14:48:27.575540+00:00,53225126caa6b61788b6d2518b0e7855408df03af39a73129d9f266a0afc5ed4,REPORT
outputs/reports/exp035_blends.csv,1376,0.001312,.csv,2026-08-26T15:34:01.105313+00:00,b4488da91f3e267652fe8c719df7b8e9bfef939d218ed0b26756b330d898dfdf,REPORT
outputs/reports/exp035_correlations.csv,361,0.000344,.csv,2026-08-26T15:33:15.533354+00:00,da0ff3de7074be7310dfeb2fd6569a9d633d6da0a33f48576fe102dca3dfbb90,REPORT
outputs/reports/exp035_pairwise.csv,401,0.000382,.csv,2026-08-26T15:33:17.158146+00:00,523b943b6586e7be94be724c079a905c873819cdfe1781054a9c5f80dabe1d20,REPORT
outputs/reports/exp035_regional.csv,911,0.000869,.csv,2026-08-26T15:33:15.953572+00:00,68126e911cfee3a2d8669a95c0d39dde2ce2ad391713358bd4e2dd7083f149e6,REPORT
outputs/reports/exp035_variants.csv,3628,0.003460,.csv,2026-08-26T15:33:08.854340+00:00,8bde461a00271be1028f16ed8e31d081b49e2ee8d7d3ebf227c0c56797118f2b,REPORT
outputs/reports/exp035_variants_progress.csv,700,0.000668,.csv,2026-08-26T15:33:08.402663+00:00,cc4c4ddfa7241a2c8cdc87b5fa98ecf4918a113a6fe17d8f4aeccead86e7e91a,REPORT
outputs/reports/exp036_all_fold_progress.csv,44781,0.042706,.csv,2026-08-26T18:12:48.984535+00:00,a7a95752f282ac46537bc125789ef18582f184d84f04be26988634037b0e0128,REPORT
outputs/reports/exp036_blends.csv,830,0.000792,.csv,2026-08-26T18:20:27.075887+00:00,553decf882cb116b902d082f4dcefb4e71018cc8af75e5e4cd4928f5ea1f938a,REPORT
outputs/reports/exp036_correlations.csv,317,0.000302,.csv,2026-08-26T18:19:53.884329+00:00,0023ec3e5744d330e3c8f216f2f1e3892d9f9e5ebd437445ffe2acb08c80231a,REPORT
outputs/reports/exp036_forward_selection.csv,858,0.000818,.csv,2026-08-26T18:12:49.761581+00:00,5b50c45b1714df11c1ab87fd2158cb24b3c732af2c5f39d166f6e0c06298f230,REPORT
outputs/reports/exp036_new_ratio_candidates.csv,2300,0.002193,.csv,2026-08-26T17:34:16.845840+00:00,2eafa0cfdce06952a5cf92806db81409a50d0ca257d31fb12d9611724b3b52b5,REPORT
outputs/reports/exp036_pairwise.csv,169,0.000161,.csv,2026-08-26T18:19:55.623538+00:00,9b1645040e65ad59110fb0e90ffb0b2e471c32283d7e13512281e9d33f7c862f,REPORT
outputs/reports/exp036_ratio_granularity.csv,757,0.000722,.csv,2026-08-26T17:11:32.223722+00:00,399f8f0021ded39b7da25b96b15f78b17265020ee67b03068f0a85ee5903bb0a,REPORT
outputs/reports/exp036_ratio_leave_one_out.csv,781,0.000745,.csv,2026-08-26T16:47:02.290025+00:00,0c91fb7dc36b149e122f9dcc318df725c4ebf727dc2f4501dad624630b66764a,REPORT
outputs/reports/exp036_ratio_pairs.csv,1269,0.001210,.csv,2026-08-26T17:02:18.642399+00:00,9bccc6b44705a310c5d87f3f9018338c498cbf65fd14b2bf45c40750fc8171c9,REPORT
outputs/reports/exp036_ratio_single_ablation.csv,800,0.000763,.csv,2026-08-26T16:36:24.544277+00:00,031eb541f53237800d083ad4dc2d420a7925bce68e516203c77589fe01ce8b6b,REPORT
outputs/reports/exp036_regional.csv,1368,0.001305,.csv,2026-08-26T18:19:54.475607+00:00,e3451bf381b7ba23ea910cf560e0d3a974fc537cb94871aab86ebf16762ec7b2,REPORT
outputs/reports/exp037_all_fold_progress.csv,25020,0.023861,.csv,2026-08-27T03:50:59.453885+00:00,331f177c7208cf2199c72321b378f789ef415a2bbca6c0d8f846b382ef93cfae,REPORT
outputs/reports/exp037_blends.csv,1282,0.001223,.csv,2026-08-27T03:55:17.522470+00:00,60a8736a88384762a0e534d4443f15cc393dbd73f4daa0ee87a7094d63b1883a,REPORT
outputs/reports/exp037_correlations.csv,362,0.000345,.csv,2026-08-27T03:54:18.594912+00:00,470e1c25d788a4bfadf3c610f3dfac256e5dd17423ff343eae5b5d7fd62d89a6,REPORT
outputs/reports/exp037_difference_candidates.csv,1618,0.001543,.csv,2026-08-27T02:26:45.572927+00:00,cb367239a3dab745153c0e88d49eeaee2d232d7aaa948575e6312fe9ca94f53b,REPORT
outputs/reports/exp037_difference_granularity.csv,625,0.000596,.csv,2026-08-27T02:41:09.313079+00:00,f54347dce83daab7194b826cf7cbeefd8db050e9d7923b87d50bf62c74fa1839,REPORT
outputs/reports/exp037_final_ablation.csv,134,0.000128,.csv,2026-08-27T03:51:00.488367+00:00,c0fa7333789596cc53522541470260f53a50f80ac9c6cb1bdd16b740c1dac9b8,REPORT
outputs/reports/exp037_forward_selection.csv,381,0.000363,.csv,2026-08-27T03:51:00.279681+00:00,b231a3ef244f6dce2dc60b0467ef51308590e96a9aff59a438c05596bab88800,REPORT
outputs/reports/exp037_inverse_ratios.csv,1216,0.001160,.csv,2026-08-27T03:03:04.822440+00:00,cd859fcfa16134f04046aa945a77a52e87f462d259134629b1e6d66a739264c4,REPORT
outputs/reports/exp037_pairwise.csv,301,0.000287,.csv,2026-08-27T03:54:20.337951+00:00,5e32abbb19abc4fd7431462374db37a77d76e76818b437d9095c0b3e8ded9e5d,REPORT
outputs/reports/exp037_regional.csv,1352,0.001289,.csv,2026-08-27T03:54:19.173740+00:00,3969bb875fd4c5db1565310367b67c71a8ffe011a56b28bdfe8af4781722b51a,REPORT
outputs/reports/exp038_all_fold_progress.csv,20466,0.019518,.csv,2026-08-28T23:01:52.996589+00:00,88a98576e8bd8dc5d37bfbbe126a0c05f07d6501b62ec712f8449e55826b1b72,REPORT
outputs/reports/exp038_blends.csv,2,0.000002,.csv,2026-08-28T23:02:07.681545+00:00,7eb70257593da06f682a3ddda54a9d260d4fc514f645237f5ca74b08f8da61a6,REPORT
outputs/reports/exp038_cardinality.csv,460,0.000439,.csv,2026-08-28T23:02:03.260692+00:00,22e6e6c08ba35017c26c62f9c1449eefdf0ca4eab5b7dd00886cbc846d217db6,REPORT
outputs/reports/exp038_forward_selection.csv,344,0.000328,.csv,2026-08-28T22:56:43.081316+00:00,d3770c1ea248d6c8c9a1f6748426f50a479dd640729535cf808c07b7471a0829,REPORT
outputs/reports/exp038_pairwise.csv,171,0.000163,.csv,2026-08-28T23:02:07.680546+00:00,16c17f86f291c00585792db9b229d41b1c4beb2dffe854e501002a65ee818554,REPORT
outputs/reports/exp038_quantile_bins.csv,1184,0.001129,.csv,2026-08-28T21:24:15.146340+00:00,04e4c9cc25e5a722dd248a5842c60be9af6c4d3eba1e8080855bfeb6e498e473,REPORT
outputs/reports/exp038_ratio_discretizations.csv,5186,0.004946,.csv,2026-08-28T22:56:43.077320+00:00,f01583c6d24eb0c92ce38b0cf3da114d39861f28ba3f6d7fe4df0e00f1ec26bc,REPORT
outputs/reports/exp038_regional.csv,1349,0.001287,.csv,2026-08-28T23:02:06.365801+00:00,10b1a72f69b98b0f47aa36625377e06edbebe12acb711a27bf27bec36f235f51,REPORT
outputs/reports/exp038_screen_minus_social_bins.csv,1570,0.001497,.csv,2026-08-28T21:03:03.826080+00:00,e89400928ce9c68780108541318220a53eae334dd8fc708c599d5d4eeb526d0f,REPORT
outputs/reports/exp039_all_fold_progress.csv,9975,0.009513,.csv,2026-08-29T06:51:20.024244+00:00,79f29bccb29743ebfa98310888a2736e34625afc012dab19f8aa72b54ee97b81,REPORT
outputs/reports/exp039_blends.csv,1902,0.001814,.csv,2026-08-29T06:55:14.296012+00:00,452e749432bd52046136c3ebfdc5beb5356e699ec6d264a5ef3af0159b7dee44,REPORT
outputs/reports/exp039_correlations.csv,268,0.000256,.csv,2026-08-29T06:51:25.463738+00:00,2788bd20ad356ed66fa47a7c0919d4f0b2b38e75e685af0ce5fa70a4a911e0f6,REPORT
outputs/reports/exp039_feature_sets.csv,833,0.000794,.csv,2026-08-29T05:33:05.535171+00:00,052959bb16a2b39a0f87b23f76b47fd2d58074280acb847c5dd703dedc580b0e,REPORT
outputs/reports/exp039_frequency_screen.csv,1920,0.001831,.csv,2026-08-29T05:17:59.041112+00:00,fe81f3564c26cc2e4460f40dcc5e76e38da5e0a2b762d3c42b66c6887838d67f,REPORT
outputs/reports/exp039_maxbin_screen.csv,1090,0.001040,.csv,2026-08-29T04:01:56.413006+00:00,327ed53acb4d8118eed91c77b1e4f4d9e4ee5854cf2181deea53964278f2ed7b,REPORT
outputs/reports/exp039_param_screen.csv,1125,0.001073,.csv,2026-08-29T06:33:27.388118+00:00,37d7ce8f1e4984aed545e4bd3a5b128796928b7887d635380f69a4a3905dcca9,REPORT
outputs/reports/exp039_regional.csv,912,0.000870,.csv,2026-08-29T06:51:25.852892+00:00,2d175c97d77ea265ad864ebc4f9ecdb66dbee4a44efa329b34d20e4a362d5434,REPORT
outputs/reports/exp039_value_codes.csv,1026,0.000978,.csv,2026-08-29T05:59:19.131537+00:00,d091ab601cf436d26aacaedef1896539e3d630bbe46c29f17482a264850d76c1,REPORT
outputs/reports/exp040_all_fold_progress.csv,9505,0.009065,.csv,2026-08-31T09:31:32.001291+00:00,a73beaef6f7e878b8329d9fdf13e52a72c144a381044c6b0daac29d6baa5d11b,REPORT
outputs/reports/exp040_blends.csv,82,0.000078,.csv,2026-08-31T09:35:39.741980+00:00,acc84faa9285a1237e5740ca0cb026fdcb59d52e2d9893a6514a690f79f085a8,REPORT
outputs/reports/exp040_cat_params.csv,96,0.000092,.csv,2026-08-31T09:35:20.397936+00:00,efa9adf3b838599ef06e206f3fb94c704c14c98bd01a26b8261bddc75f4d3800,REPORT
outputs/reports/exp040_correlations.csv,67,0.000064,.csv,2026-08-31T09:35:30.074827+00:00,42b5593aab7d7c8d34c49ca0bf3197e6a2aea4f47e17c1e998c12f53439a939c,REPORT
outputs/reports/exp040_dual_sets.csv,924,0.000881,.csv,2026-08-31T09:35:42.982538+00:00,2dd6ea7748542b31e62442b022f4a8af4d4602889d53e5c433b1d79ef8422021,REPORT
outputs/reports/exp040_feature_importance.csv,77,0.000073,.csv,2026-08-31T09:35:26.839580+00:00,9b0003a71c2e90a02c09dcd65a81dc92ed63fc5412dada534219a7e4ac9de040,REPORT
outputs/reports/exp040_maxbin_check.csv,101,0.000096,.csv,2026-08-31T09:35:23.624080+00:00,e90d7ed22c0a0c402e876030131df534022cf1912ec54a52c83a2cf451545e7c,REPORT
outputs/reports/exp040_pairwise.csv,96,0.000092,.csv,2026-08-31T09:35:36.516427+00:00,0d37a74136e80cdeece2fb08522212cd46a39f00193b8642fc11fbb1864b826e,REPORT
outputs/reports/exp040_raw_cat_screen.csv,2649,0.002526,.csv,2026-08-31T08:03:00.329045+00:00,1b6c8f0ecbf0e3e3e9f52991f51b4fc4610d4f926d8d8da2bb654432fe9f8337,REPORT
outputs/reports/exp040_regional.csv,73,0.000070,.csv,2026-08-31T09:35:33.299286+00:00,5d90295b032646ae65a0b81f73974a779047db1a511dd63c0f1fd164bb1ee04c,REPORT
outputs/reports/exp040_relational_cat_screen.csv,1841,0.001756,.csv,2026-08-31T09:10:51.455842+00:00,c8c2a6a69d2f7f1e90f4797dc9b428f0fed3495e66ad52b338856978bb7dca4a,REPORT
outputs/reports/negative_zone_rule_candidates.csv,68313,0.065148,.csv,2026-08-23T20:35:09.676922+00:00,3f2ac28e592f7edbc86d9632429dc0f45eb9468c21608b57a78d7c9528a8c973,REPORT
outputs/reports/threshold_grid_results.csv,167118,0.159376,.csv,2026-08-23T03:22:29.284167+00:00,a3cbfe25daa002428c9aabd63bac64f73afc6f70c95d11ac8f2b91e842a5069a,REPORT
outputs/reports/weak_bands_results.csv,23230,0.022154,.csv,2026-08-25T08:25:37.698893+00:00,44855a75cb380fe709be3e29d75e3e2367157a627deaf4dbd0ac09db9af5a7d1,REPORT
outputs/reports/xgboost_hyperparam_diagnostic.csv,2966,0.002829,.csv,2026-08-23T06:23:59.233471+00:00,5854b73340063249c1e5c3deaad95eaa98d12b0856432bb9d833887e4c48dbd3,REPORT
outputs/submissions/submission_exp001_logistic.csv,8026014,7.654203,.csv,2026-08-22T04:49:45.991923+00:00,4816f3cc698128a87c80fe154b3cc922ffa73bdbe5fadf6d35c3e0b26b8e7a90,SUBMISSION
outputs/submissions/submission_exp002_catboost.csv,8043441,7.670823,.csv,2026-08-22T05:15:24.635569+00:00,1b2e185c738f17e91e128fa3221f35995677df70482cc629085eee3da04ef0ee,SUBMISSION
outputs/submissions/submission_exp003_catboost_4000.csv,8054901,7.681752,.csv,2026-08-22T13:04:01.567127+00:00,2cec017237f4f12ffb7a109275757fb0200f8742d6626ff621f2cf069522dd9c,SUBMISSION
outputs/submissions/submission_exp004_lightgbm.csv,8055930,7.682734,.csv,2026-08-22T15:00:47.505311+00:00,f7cdc8a92223f9951c75eebd20f08f070c0c67d3090ad7fabf5e0a6388d77ad1,SUBMISSION
outputs/submissions/submission_exp005_blend_cat_lgbm.csv,8053818,7.680719,.csv,2026-08-22T15:25:21.518652+00:00,ba32db63530fc9063b0abc0d90344ba9b130f11b3401c59779d9c0cfc7bdf2d0,SUBMISSION
outputs/submissions/submission_exp006_lightgbm_features.csv,8057157,7.683904,.csv,2026-08-22T15:43:13.027621+00:00,37966891a218d337b3cdeaf8ac0c84d0273bc4aaf6da71461ba96a0957c6abea,SUBMISSION
outputs/submissions/submission_exp007_ensemble.csv,8054322,7.681200,.csv,2026-08-22T18:18:35.046111+00:00,d585767ee91cb6808644ad57a7bc5ba71963ac9346edd4e5f94ce3a56d7b7472,SUBMISSION
outputs/submissions/submission_exp008_xgboost.csv,8059276,7.685925,.csv,2026-08-22T19:05:13.967932+00:00,f1869cd2e0d9f6e3b416f9ab6634a1d5883d14fe7c311afa4bc659c381fdb146,SUBMISSION
outputs/submissions/submission_exp009_ensemble.csv,8079544,7.705254,.csv,2026-08-22T22:42:17.935281+00:00,dcdcba21eab185d5cc4584b91590318da45fcaa572246d1bbb9997122af6b7dd,SUBMISSION
outputs/submissions/submission_exp010_xgboost_features.csv,8058720,7.685394,.csv,2026-08-22T23:20:12.650771+00:00,63723ebdce7b49811d0fe2d47f42dea5cf0113007c73b06f3191975e1af3fe58,SUBMISSION
outputs/submissions/submission_exp011_ensemble.csv,8080042,7.705729,.csv,2026-08-22T23:59:39.374977+00:00,1871a76d78133acd7817d033b39242b65a2e18b8272ace54a48ceb76bf0c2756,SUBMISSION
outputs/submissions/submission_exp012_xgboost_thresholds.csv,8059851,7.686473,.csv,2026-08-23T01:02:26.693302+00:00,cb5450c2919da2a67c47da14e079204bfe1cec30f4db8c41ca7043d528c5cd7d,SUBMISSION
outputs/submissions/submission_exp013_ensemble.csv,8079745,7.705445,.csv,2026-08-23T02:09:13.385960+00:00,20fc9e4ed1d0a459f1bb3cf0feeccf4100b326392d685eb99636a16a7240b093,SUBMISSION
outputs/submissions/submission_exp014_xgboost_ambiguous.csv,8059926,7.686544,.csv,2026-08-23T04:04:48.509455+00:00,dff9ece1331c6fb5e9a9d8f100272e9674c5646d61fca88d3dc97012684891b4,SUBMISSION
outputs/submissions/submission_exp015_xgboost_depth5.csv,8052725,7.679677,.csv,2026-08-23T11:42:14.759188+00:00,b534873e4eb82db427b5c826abd0a52709c4d984ee74a872aefee6f888dd38e5,SUBMISSION
outputs/submissions/submission_exp016_xgboost_depth5_9000.csv,8042298,7.669733,.csv,2026-08-23T16:30:25.347850+00:00,459dc92efd981bb4bfa5fc78d71ebd2c6bcf4de59fd5d4bdbc37bccedfdbb9de,SUBMISSION
outputs/submissions/submission_exp017_ensemble.csv,8059099,7.685756,.csv,2026-08-23T20:21:15.075829+00:00,54ecf104834b8f06339463da69693d482f3a9d75337c0796f7f6207534b21edd,SUBMISSION
outputs/submissions/submission_exp018_xgboost_nested_negative.csv,8042025,7.669473,.csv,2026-08-23T21:38:06.337742+00:00,87b811dada0a3cb35b56ac12e8e95b580a3e70d6ab7dd1b4228c556f9cde5349,SUBMISSION
outputs/submissions/submission_exp019_lightgbm_thresholds.csv,8059360,7.686005,.csv,2026-08-24T03:35:44.060903+00:00,92442ec1afbf15cf849d65535193316b7894e89cf5f76fddcbcac26610323223,SUBMISSION
outputs/submissions/submission_exp020_catboost_thresholds.csv,8059308,7.685955,.csv,2026-08-24T12:23:11.979703+00:00,7de2e6c56b0454b7e337f3512bbc39c4824474afe017641829662d7835d7559e,SUBMISSION
outputs/submissions/submission_exp021_ensemble.csv,8079822,7.705519,.csv,2026-08-24T12:41:59.879447+00:00,8e09e2c625f237ab9b04764f02f29aacf7bae2b5b94d61cd13b05ce863d48a93,SUBMISSION
outputs/submissions/submission_exp022_catboost_thresholds_9000.csv,8060190,7.686796,.csv,2026-08-24T15:36:41.670495+00:00,d2bb1c55591aab9f3fc9c7d266aa55b8034dffad13a57dbf37267aa700c974fc,SUBMISSION
outputs/submissions/submission_exp027_seed_ensemble.csv,8061241,7.687799,.csv,2026-08-25T17:54:20.778516+00:00,1a812633e64b6141df21ed19c34a636113dd585e07cd37ae71d4e21cf1b92238,SUBMISSION
outputs/submissions/submission_exp035_exact_logistic_ensemble.csv,8079091,7.704822,.csv,2026-08-26T15:35:25.863423+00:00,0e9a61fad73c2aeecc963c0263545d5faec876d57056fdf9178fe0c9666214a9,SUBMISSION
outputs/submissions/submission_exp036_ratio_logistic_ensemble.csv,8077911,7.703696,.csv,2026-08-26T18:20:29.701485+00:00,547531082b77ba290d0273ad37fe9b94b5bd306f94600fe394d38a4c206bf166,SUBMISSION
outputs/submissions/submission_exp037_relational_logistic_ensemble.csv,8078335,7.704101,.csv,2026-08-27T04:00:19.374090+00:00,63a3d7774d1e9cbe1f1966834ae73ce634c792f33839fb38844c7170fd3df78a,SUBMISSION
outputs/submissions/submission_exp039_highbin_lgbm_ensemble.csv,8078622,7.704374,.csv,2026-08-29T06:54:40.478812+00:00,3c641ba1b80118f1357eaf1c75272320e0eb8038b527061cc02b6f04a74bd288,SUBMISSION
README.md,1123,0.001071,.md,2026-08-22T04:45:10.097838+00:00,592a506d32152fdfe65df697f8c08a5bdf834d50266023eff97e0586b788c0ed,DOC
src/__pycache__/diagnose_exp024_nearest_neighbors.cpython-312.pyc,27688,0.026405,.pyc,2026-08-25T14:18:49.979984+00:00,076fb32ccedca78b1b503b8fa7d1849f4e5a2b0dff7c33370b0ec5a2f0f4dc53,CACHE
src/__pycache__/diagnose_exp025_adversarial_validation.cpython-312.pyc,24556,0.023418,.pyc,2026-08-25T15:13:05.878132+00:00,8c74cb820344537f5abc132719fad0cc11745906fc9ec2ce27cee18a3e55ed31,CACHE
src/__pycache__/diagnose_exp026_original_forensics.cpython-312.pyc,38078,0.036314,.pyc,2026-08-25T15:42:55.884954+00:00,65784276a7236a7c08c3101a3f4a3137a2a9f607f9dc264baa38646da014712d,CACHE
src/__pycache__/diagnose_exp027_seed_diversity.cpython-312.pyc,28066,0.026766,.pyc,2026-08-25T15:55:03.512132+00:00,79e931536077ec415e6fa8e5880cd0e778e1dca858afcb341a0e11945cf91dc4,CACHE
src/__pycache__/diagnose_exp029_pairwise_ranking.cpython-312.pyc,30887,0.029456,.pyc,2026-08-26T01:17:37.365995+00:00,b2c41ede313077c1771d9dfad9fd43afdf39720a255578320818424ed27435d3,CACHE
src/__pycache__/diagnose_exp033_exact_value_te.cpython-312.pyc,37412,0.035679,.pyc,2026-08-26T14:37:41.327739+00:00,0375d3562d274cbfd0dfeaa79ee162b64cd6624897340c89b9551ff38dbf6624,CACHE
src/__pycache__/diagnose_exp041b_realmlp.cpython-312.pyc,6984,0.006660,.pyc,2026-08-31T17:11:55.837192+00:00,d0be0cbfa495564c0176098afa6c7427b79f18a4a7531d8d9953fcb21f99787d,CACHE
src/__pycache__/diagnose_negative_zone.cpython-312.pyc,20483,0.019534,.pyc,2026-08-23T20:35:28.847909+00:00,3190bbdb531bae53dfc111c0bd8b02e1d02622311657c5e5be8d34a76ee69308,CACHE
src/__pycache__/diagnose_nested_gating_exp023.cpython-312.pyc,19218,0.018328,.pyc,2026-08-25T08:30:33.097338+00:00,42c152d7dc3bd2d55679a6e2cb9b8f915fe47e90825ed9de415cdc552f58ccfa,CACHE
src/__pycache__/diagnose_thresholds.cpython-312.pyc,22491,0.021449,.pyc,2026-08-23T03:23:10.399894+00:00,4c7ba4ecb5ac42b86a153fd830b3be892f5b4b296f366e1f02195715050807bb,CACHE
src/__pycache__/diagnose_weak_bands.cpython-312.pyc,20723,0.019763,.pyc,2026-08-25T08:22:52.150289+00:00,62510881d1732ad11d8f67a863c5fd97b45e14f015dc3e4fb5a316317d5dbd90,CACHE
src/__pycache__/diagnose_xgboost_depth5_regularization.cpython-312.pyc,15617,0.014894,.pyc,2026-08-23T21:44:33.728202+00:00,afd5ea5f47bfbd39f125cb8da424cc6b5a29e837dac7581c08a6df4d4de52d7c,CACHE
src/__pycache__/diagnose_xgboost_hyperparams.cpython-312.pyc,15701,0.014974,.pyc,2026-08-23T06:59:33.834320+00:00,f8dafbac99ca6a77612847cc6488def6141c6968e183d7d328428fa529c68e78,CACHE
src/__pycache__/ensemble_exp009.cpython-312.pyc,23360,0.022278,.pyc,2026-08-22T23:35:23.045624+00:00,d7ca2c7072d0c73bcc1701e388899ab1145258e0c8eb257c7ec441ca862fbaf1,CACHE
src/__pycache__/ensemble_exp017.cpython-312.pyc,21159,0.020179,.pyc,2026-08-23T19:31:00.989964+00:00,758adea1876bbd5a15de3dfcad879c1eb28b123fc344618ae96c55e534529c04,CACHE
src/__pycache__/ensemble_exp021.cpython-312.pyc,21467,0.020473,.pyc,2026-08-24T12:41:02.867548+00:00,836940213620e5adccaea096dc20856b42b9d3bb756daa7a24a4896af69895ca,CACHE
src/__pycache__/finalize_exp037_submission.cpython-312.pyc,4877,0.004651,.pyc,2026-08-27T03:57:01.877012+00:00,d0c3309678cf7cbaa9d72b4b3426e627147939f03d00bdf680fc4c019a02f0a2,CACHE
src/__pycache__/stack_exp023_logreg.cpython-312.pyc,24093,0.022977,.pyc,2026-08-25T08:35:55.970311+00:00,1c478fcd843ebfeefe88aed58f7f5868787ab23765f6ff0eed51c74e2caa3752,CACHE
src/__pycache__/train_catboost_exp003.cpython-312.pyc,15674,0.014948,.pyc,2026-08-24T09:48:15.224670+00:00,76e86053ed8f7fca560e4a3828ef6f2ee368e517dd17ed0fcc808ed1e2b58af3,CACHE
src/__pycache__/train_catboost_exp020_thresholds.cpython-312.pyc,19297,0.018403,.pyc,2026-08-24T09:48:03.817996+00:00,158929bbdcc6a8a50cc3b458a1f9cdcc5ce6e2202b564b1e3ec3b8f83dc1e6ce,CACHE
src/__pycache__/train_catboost_exp022_thresholds_9000.cpython-312.pyc,25348,0.024174,.pyc,2026-08-24T12:49:58.791797+00:00,29ca95e9963c1dedede133e24b5f2f9eae38a26e7c39f38fc18ce02e855ac087,CACHE
src/__pycache__/train_exp028_seed_extension.cpython-312.pyc,28131,0.026828,.pyc,2026-08-25T20:40:34.678095+00:00,9704d34a1732b1e4f69453e832bf416e8d99042291aa632a0acb2debc6754732,CACHE
src/__pycache__/train_exp030_rank_corrector.cpython-312.pyc,22619,0.021571,.pyc,2026-08-26T01:28:17.977918+00:00,8beb604116d8288caf124f34ebd78be64c20694ea367a3f50c843e1664eb054f,CACHE
src/__pycache__/train_exp031_extratrees.cpython-312.pyc,27298,0.026033,.pyc,2026-08-26T01:55:47.222883+00:00,89a7d30e960b336d93c45c263ba9fcbc5775f19b8b550eff7ea08084ae28e583,CACHE
src/__pycache__/train_exp031b_extratrees_memory_safe.cpython-312.pyc,20847,0.019881,.pyc,2026-08-26T06:11:15.993157+00:00,93bfee622af77e41315b7a58553d1b3a454005b8820f10ffae65e7b5cab922cb,CACHE
src/__pycache__/train_exp032_neural_tabular.cpython-312.pyc,37163,0.035441,.pyc,2026-08-26T13:58:52.286111+00:00,96feb6eccf9144170838ce9ab0fda9069000e8eb4053a803415e4ca60da91cef,CACHE
src/__pycache__/train_exp034_factorization_machine.cpython-312.pyc,31246,0.029799,.pyc,2026-08-26T14:49:14.114470+00:00,e807b833f22648789c941e9f3d839447f2be530ea11e0130d3dabfc006394127,CACHE
src/__pycache__/train_exp035_exact_value_logistic.cpython-312.pyc,32385,0.030885,.pyc,2026-08-26T15:35:19.400359+00:00,9d484d5a56556bb1c1bc8fcfccf70d91d7cd39dc07b43aec3b0bfb69057317fa,CACHE
src/__pycache__/train_exp036_ratio_ablation.cpython-312.pyc,45309,0.043210,.pyc,2026-08-26T18:16:34.197242+00:00,7e48e707d725f988e0db5844c35c2a2f97c17ad32d348e3e70060704b67ad257,CACHE
src/__pycache__/train_exp037_relational_features.cpython-312.pyc,33019,0.031489,.pyc,2026-08-27T03:57:15.690486+00:00,7b62143d0879591056c4952caaa429c2546dc571d979d0da14edf5aeee419471,CACHE
src/__pycache__/train_exp038_discretization_refinement.cpython-312.pyc,31523,0.030063,.pyc,2026-08-28T20:37:20.206908+00:00,02d9264dfab599cb961611a04eadb1d72a6a3818b08e4529f9c7875819134957,CACHE
src/__pycache__/train_exp039_high_bin_lgbm.cpython-312.pyc,38601,0.036813,.pyc,2026-08-29T03:22:18.162465+00:00,e6a5ad93ad29f7887cb47c027efce50afc4cd47cbbb80173700c1a83ee443a00,CACHE
src/__pycache__/train_exp040_dual_repr_lgbm.cpython-312.pyc,43031,0.041038,.pyc,2026-08-31T09:36:55.883309+00:00,9bb6ac2481fafc7ac7fdd81bf877676d5b12625814f11c004bfd4ec70329b9b0,CACHE
src/__pycache__/train_exp041_realmlp.cpython-312.pyc,51495,0.049109,.pyc,2026-08-31T15:29:05.964829+00:00,17fb5580abe13650202f2f4a16813f24ab9c792640cda9324ee25763d1dcf907,CACHE
src/__pycache__/train_lightgbm_exp004.cpython-312.pyc,17715,0.016894,.pyc,2026-08-22T15:34:08.735541+00:00,4f8fb8f80df288f044127eada81a52601f33dd3bb73af4768401d3619435d086,CACHE
src/__pycache__/train_lightgbm_exp006_features.cpython-312.pyc,17193,0.016397,.pyc,2026-08-22T22:58:53.091242+00:00,25f1073d7665ca391def4a732a6155d759bede159bcf361c317fc075aa89a1c9,CACHE
src/__pycache__/train_lightgbm_exp019_thresholds.cpython-312.pyc,19113,0.018228,.pyc,2026-08-24T03:36:11.875010+00:00,65582d240a6481412abc4b2984b508b237b51adf6fdb54ff48399e23510bdc57,CACHE
src/__pycache__/train_xgboost_exp008.cpython-312.pyc,20130,0.019197,.pyc,2026-08-22T22:58:53.239260+00:00,1d75d241ca6ddb9c3772009eb3b15caf7955d03f6f73b98ea566b9157a13417b,CACHE
src/__pycache__/train_xgboost_exp012_threshold_features.cpython-312.pyc,27466,0.026194,.pyc,2026-08-23T03:29:34.978867+00:00,6b1e6a2856d1a8f7914d4b86484f22850b3daffb2e34c137a71d645d95ebd485,CACHE
src/__pycache__/train_xgboost_exp015_depth5.cpython-312.pyc,18933,0.018056,.pyc,2026-08-23T10:58:13.138106+00:00,d73b5b71fc50c44d2543ddeb9a2a9b1490f28bc935aa26e079e511c0953380a2,CACHE
src/__pycache__/train_xgboost_exp016_depth5_9000.cpython-312.pyc,21715,0.020709,.pyc,2026-08-23T15:36:11.801215+00:00,6788ba0ec9828a05f1c93e5e04d7dbce0531e49bf066e78a00769d38280747ff,CACHE
src/__pycache__/train_xgboost_exp018_nested_negative_rules.cpython-312.pyc,25588,0.024403,.pyc,2026-08-23T20:40:07.045634+00:00,43a580f8c9fd630314123f14cdeef25c2e2e832cb29a691c1210922163018367,CACHE
src/audit_data.py,9982,0.009520,.py,2026-08-22T04:45:35.725269+00:00,580128bb0bfeaa7abe8d350ebf4192fa5665e51b3e80bff834e524fa2606c53d,SOURCE
src/create_blend_exp005.py,9565,0.009122,.py,2026-08-22T15:25:02.449355+00:00,7abfd5968968fe8f626cdcd5d9ad5587dc7807ea94be5000d7da4cde3c75f4c8,SOURCE
src/diagnose_catboost_convergence.py,8317,0.007932,.py,2026-08-22T13:43:14.020010+00:00,f4be55ebeca3f354a1ed0c6dfefa912bb47aa60137ee0c2bd373731654da2110,SOURCE
src/diagnose_exp024_nearest_neighbors.py,19590,0.018682,.py,2026-08-25T14:18:45.315586+00:00,9cc2fcbd1008be0c416b4c16e31d45e9a2bfa5123410eec222d9884358510327,SOURCE
src/diagnose_exp025_adversarial_validation.py,14735,0.014052,.py,2026-08-25T15:12:58.728268+00:00,f9763376e7eb7dc0993d109914a8ac7dc718065df86bb92acb78ae51f8147ae5,SOURCE
src/diagnose_exp026_original_forensics.py,20534,0.019583,.py,2026-08-25T15:42:44.893382+00:00,3d7b7f62dd2daa90b9942be854c6c9b3732931fa0f6c93df602546cfab3d639a,SOURCE
src/diagnose_exp027_seed_diversity.py,13899,0.013255,.py,2026-08-25T15:54:53.699636+00:00,decb1e5e764076b6134704c100e1832918c46ee6b70aba7a117360baaca7f585,SOURCE
src/diagnose_exp029_pairwise_ranking.py,19082,0.018198,.py,2026-08-26T01:17:32.571807+00:00,3c75166a31b08c04c0c3230acb4c6fbaac26def3894defb29700b84e61e83d7c,SOURCE
src/diagnose_exp033_exact_value_te.py,18362,0.017511,.py,2026-08-26T14:37:35.052957+00:00,df30dd8dc7e3132bbaf6f6975afa276c6f5a79c52ba8c3d8c00dbc8474e169cd,SOURCE
src/diagnose_exp041b_realmlp.py,5433,0.005181,.py,2026-08-31T17:11:55.172668+00:00,9a9387a1e63b238dede74b5401a7a0b20fb4d35388be6b7cf3fadfd7fa999ee8,SOURCE
src/diagnose_negative_zone.py,14249,0.013589,.py,2026-08-23T20:34:58.737096+00:00,2288979fe40a074bab8e73744bd997a68efa0cb547d5c66ec34702ace4cc21b9,SOURCE
src/diagnose_nested_gating_exp023.py,13949,0.013303,.py,2026-08-25T08:30:21.785153+00:00,f454a02926552166876f3b920454141576c8dccab82a09a6198184fdc8054d4a,SOURCE
src/diagnose_thresholds.py,16020,0.015278,.py,2026-08-23T03:22:09.282620+00:00,be91899b8d465c4017df7cc13c3ea3a8c2713535d8e5cf48a1c3a662da29b392,SOURCE
src/diagnose_weak_bands.py,14706,0.014025,.py,2026-08-25T08:24:52.474704+00:00,8c5f7c4faac31206055d1009de8ef949fcfbe571fb4ab75cf6fb11922abcc263,SOURCE
src/diagnose_xgboost_depth5_regularization.py,11472,0.010941,.py,2026-08-23T21:44:27.905784+00:00,9ac5105d822521d99e417a9d4c2f38040c009bd1f59dfc42bfadd2c65c4ec9fd,SOURCE
src/diagnose_xgboost_hyperparams.py,11867,0.011317,.py,2026-08-23T06:59:23.192787+00:00,7f027f8c9ee10cd57d319be6af093105358a624cf3fdb7f1ec3323415070165b,SOURCE
src/ensemble_exp007.py,13408,0.012787,.py,2026-08-22T18:15:18.880234+00:00,5ac1fe8b7818d23719fac7a78d96f099a405c8221146916550840eb5abc5d557,SOURCE
src/ensemble_exp009.py,16187,0.015437,.py,2026-08-22T22:30:26.287260+00:00,63cd10889938c4d7747da9a843023390f695d498950518ec32d7511b1b09dc51,SOURCE
src/ensemble_exp011.py,14169,0.013513,.py,2026-08-22T23:35:11.950212+00:00,d0185878ad730c901687bb908f36b1181d3f8f63f8ebcaddceae9137b45e03f2,SOURCE
src/ensemble_exp013.py,15867,0.015132,.py,2026-08-23T01:23:04.834812+00:00,865b50d896234427ab515354c5680442a20c7598f904ec0e5fa5aef0e14d0584,SOURCE
src/ensemble_exp017.py,14932,0.014240,.py,2026-08-23T19:30:55.220509+00:00,a56e40ef38d002dd2b5b47aec6002a2d6cbb67239e2cb4642d24e9ea2757471f,SOURCE
src/ensemble_exp021.py,14371,0.013705,.py,2026-08-24T12:40:58.986658+00:00,885e05fe3d00154ad47e398decc76f56ab19afff729d8dc196505732bbbc4a1b,SOURCE
src/finalize_exp037_submission.py,3075,0.002933,.py,2026-08-27T03:56:55.639755+00:00,c72a3aa933e49ec8b803bfd3a573737e0bc9b0a61b2b77bc7e6b0b86a4aa869e,SOURCE
src/finalize_exp039_refined_blend.py,3837,0.003659,.py,2026-08-29T06:55:26.952036+00:00,a3a29299f9921cb252cc98f704a9f9eb748068f62059003a02d93b03a1865b33,SOURCE
src/stack_exp023_logreg.py,16123,0.015376,.py,2026-08-25T08:35:50.225142+00:00,b975f9381c5f1a54689dab41f4b83dacbaa20f83af26326febb9b072d143c769,SOURCE
src/train_catboost_baseline.py,9883,0.009425,.py,2026-08-22T04:55:34.720259+00:00,916bdeb4aaf2308e180c492bb6919a845405db9e0c49c34d0145717a26b0a560,SOURCE
src/train_catboost_exp003.py,10635,0.010142,.py,2026-08-22T11:39:06.542682+00:00,20e8f4f91bdad576fe0aabe4f591b716cbf76011e7261cfc1d50eaa09eedc4ed,SOURCE
src/train_catboost_exp020_thresholds.py,13660,0.013027,.py,2026-08-24T09:47:57.116109+00:00,cd473a24245582e9d72f81be8fea7e8c920f7978884d20cf0632c4505baad671,SOURCE
src/train_catboost_exp022_thresholds_9000.py,17899,0.017070,.py,2026-08-24T12:49:54.273544+00:00,1bd367164fa22eea0ac3e53bf23fcc17eabf7cd9edee7228d644d0fad14d7d64,SOURCE
src/train_exp028_seed_extension.py,18358,0.017508,.py,2026-08-25T20:40:29.413028+00:00,af6f04cde2919306df4d296496a0d44691755205765c4ddaaaf1061e71a5dcaf,SOURCE
src/train_exp030_rank_corrector.py,14798,0.014112,.py,2026-08-26T01:28:05.969164+00:00,0255a196db51b68f2024483fa60874ddf674bafaa51265dc5666ffb0831a871a,SOURCE
src/train_exp031_extratrees.py,17249,0.016450,.py,2026-08-26T01:55:41.623536+00:00,3983f4e35ddda13d593e5c6c1d6d9d6944528d1c595bc3e6882cee3189059f95,SOURCE
src/train_exp031b_extratrees_memory_safe.py,12541,0.011960,.py,2026-08-26T06:11:08.804099+00:00,0382ffe609518cba8ced231d4cdcb13fef3d92fe58f84f017b34abe062471778,SOURCE
src/train_exp032_neural_tabular.py,18803,0.017932,.py,2026-08-26T14:06:00.045951+00:00,99effa57672ba080ade344af3d2fada71092e368e7e9d7bd806aa48da3fd5b45,SOURCE
src/train_exp034_factorization_machine.py,14772,0.014088,.py,2026-08-26T14:48:50.171518+00:00,0a3bc7a08b5eb3ac4377c8b87c8075a7dcac1e342f0d458e4a5f8932b8f96ee5,SOURCE
src/train_exp035_exact_value_logistic.py,15723,0.014995,.py,2026-08-26T15:35:04.304217+00:00,4300937d7c92a88a3b947c12155f829d5d0166cd40d878a66de8b492cd678c02,SOURCE
src/train_exp036_ratio_ablation.py,21154,0.020174,.py,2026-08-26T18:16:28.710658+00:00,98913a34bcb047052622705fdc15b176cadfeda44d2597b07e56e29969cb5ae9,SOURCE
src/train_exp037_relational_features.py,16054,0.015310,.py,2026-08-27T04:00:32.895411+00:00,f2c64ac861197d1d26a532306364c5dbf3aeea2fab8115a51f7662e53d399fd8,SOURCE
src/train_exp038_discretization_refinement.py,21915,0.020900,.py,2026-08-28T20:36:58.906150+00:00,568c1448f265e904e3f0e2c9312bd7bc65fa38553c8494797c6eefd2e2866bf9,SOURCE
src/train_exp039_high_bin_lgbm.py,23500,0.022411,.py,2026-08-29T06:54:32.193876+00:00,40737eb5808cb4f9a90f7a21f5910332f3b1217afa3471f5862a98b29b9dcde1,SOURCE
src/train_exp040_dual_repr_lgbm.py,23306,0.022226,.py,2026-08-31T09:36:36.995332+00:00,5ddd14d3731d7d29426922c36dc702ee14d626ad3b0b1fa289a3ce0ddda6e518,SOURCE
src/train_exp041_realmlp.py,28529,0.027207,.py,2026-08-31T15:28:56.969128+00:00,31a69c7c4892aca15eeb51dd71424dd98c14c63e5c7e4f2f6ef419c10ac6ba8a,SOURCE
src/train_lightgbm_exp004.py,12047,0.011489,.py,2026-08-22T14:53:49.027546+00:00,7d9e13d03e4315fd6919f287fc95a71e8bf834ab1f992b5d5c2773e9e8b5a281,SOURCE
src/train_lightgbm_exp006_features.py,12132,0.011570,.py,2026-08-22T15:34:01.095853+00:00,eca8b35d9a593687aed65b2543cc33d8d8fef269ecd933785f70c7a8f91f429e,SOURCE
src/train_lightgbm_exp019_thresholds.py,13427,0.012805,.py,2026-08-24T03:35:58.384666+00:00,c692a4a38ea2e6b350077b1752ca960b74996ee908cfbcad60a33a0ba0e5b69b,SOURCE
src/train_logistic_baseline.py,8647,0.008246,.py,2026-08-22T04:49:18.213262+00:00,22c09a1953f3c37948a6b6ec81bd68361c31b08cb598dddb8eb05b639c8fefee,SOURCE
src/train_xgboost_exp008.py,13566,0.012938,.py,2026-08-22T18:49:02.190217+00:00,47b75adf9204045bf3c596cbd0769e5f1b1c3a54b9f774b9f1d1760c3dbb133a,SOURCE
src/train_xgboost_exp010_features.py,13265,0.012650,.py,2026-08-22T22:58:40.340305+00:00,6347bd8c54324f6a8e0a4a2b1d7ed4db88c49c18a87cdab1068012f2cc552efd,SOURCE
src/train_xgboost_exp012_threshold_features.py,18450,0.017595,.py,2026-08-23T00:32:11.520470+00:00,c9fe05713268ac1d74c315ab5f5cb0b9f16b7bfbbb4ed15afaf0955514dfca78,SOURCE
src/train_xgboost_exp014_ambiguous_features.py,19504,0.018600,.py,2026-08-23T03:29:24.092171+00:00,a8f3d68b1529c7d285287c2092eaa11ffe9811d5142cd769433c29c30d0cd148,SOURCE
src/train_xgboost_exp015_depth5.py,11548,0.011013,.py,2026-08-23T10:58:08.103940+00:00,7c8ce7e2ee57aab7a32ef552d0093edf61d7526e6bbb1ef8afcbf765b9917acf,SOURCE
src/train_xgboost_exp016_depth5_9000.py,13122,0.012514,.py,2026-08-23T15:36:05.348709+00:00,d575c4cc66ea5855a486d4f6bcbbdc2a037feec42f8499d46562e0f87b477ace,SOURCE
src/train_xgboost_exp018_nested_negative_rules.py,18228,0.017384,.py,2026-08-23T20:39:55.979210+00:00,40bb98d0b17e9a02a68e5cb0d85b243214a36b83444613eff27934408ada3084,SOURCE
