config,space,metric,signal_type,k,oof_auc,fold_mean,fold_std,fold_1_auc,fold_2_auc,fold_3_auc,fold_4_auc,fold_5_auc,pearson_exp016,spearman_exp016,pearson_residual,spearman_residual
SPACE-B|manhattan|mean|k=100,SPACE-B,manhattan,mean,100,0.9359630825540944,0.9359675820999271,0.0007553921337505625,0.9350168606373883,0.93533984098462,0.9366662330979412,0.9369905868293263,0.93582438895036,0.9084598144521278,0.9393274926651632,-0.0010249146070455213,0.16290099131922497
SPACE-B|manhattan|mean|k=200,SPACE-B,manhattan,mean,200,0.9358035633220056,0.9358088118822628,0.0007479481406217032,0.9349445962230989,0.935114652033582,0.9365399432828373,0.9368105181019916,0.9356343497698046,0.9075142263567694,0.944848517915788,-0.0016936597983911188,0.1506577719605467
SPACE-B|euclidean|mean|k=100,SPACE-B,euclidean,mean,100,0.935377365717903,0.9353824647135613,0.0007960011641204833,0.9344161723983833,0.9346882593863077,0.9360831150675654,0.9364951928554399,0.9352295838601107,0.9067872158231575,0.93830863726709,-0.0008829352332718251,0.1621492303529504
SPACE-B|euclidean|mean|k=200,SPACE-B,euclidean,mean,200,0.9352167190043907,0.9352224107936582,0.0008137797501389252,0.9342246251429716,0.9345332497819492,0.935955425100891,0.9363506698624121,0.9350480840800672,0.905852199609267,0.9436740898084407,-0.0014656538870790675,0.1502322510707992
SPACE-B|manhattan|mean|k=50,SPACE-B,manhattan,mean,50,0.934999455815527,0.935002833725453,0.000763580193985676,0.9341079566285284,0.9343593180241138,0.9355379245641695,0.9361792907773954,0.9348296786330577,0.9071577722620217,0.9309749248506254,-0.0007010456172884558,0.17703643990408566
SPACE-B|euclidean|mean|k=50,SPACE-B,euclidean,mean,50,0.9344835778143318,0.9344869507737401,0.0007214061362885007,0.9336188499529999,0.9338189353801327,0.935058271734371,0.9355218282126523,0.9344168685885449,0.9054483603587837,0.9299314858870912,-0.0004245080427563728,0.17646998611746578
SPACE-B|manhattan|weighted|k=50,SPACE-B,manhattan,weighted,50,0.933649645569859,0.9336531374820349,0.0007505037566234904,0.9327458972492153,0.9331119750407004,0.9341839578249737,0.934818182465974,0.9334056748293116,0.9037836383399506,0.9287073334540668,-0.00038465103213172096,0.17565890459784195
SPACE-B|euclidean|weighted|k=50,SPACE-B,euclidean,weighted,50,0.933178437500719,0.9331816130122741,0.0007117398838374951,0.9322794739932605,0.9326386408436296,0.9337584667702707,0.9342134452428548,0.9330180382113549,0.9022079699661886,0.9277235433772083,-0.0001242426592070666,0.175147085587527
SPACE-C|manhattan|mean|k=200,SPACE-C,manhattan,mean,200,0.9310117070454169,0.9310251801221707,0.0006579277569424356,0.9302649652946294,0.9306744333227772,0.9316375110315535,0.9319688042475086,0.9305801867143848,0.8949343095631348,0.9397560874764942,-0.0050814249304525294,0.1472026430078564
SPACE-C|manhattan|mean|k=100,SPACE-C,manhattan,mean,100,0.9309649630275814,0.9309727515912913,0.0005477323294489076,0.930182323495294,0.9307352179403916,0.9315588933518123,0.9316282246407546,0.930759098528204,0.8954093727218329,0.9344423635124288,-0.0048933873448523384,0.15812407913724427
SPACE-B|manhattan|mean|k=20,SPACE-B,manhattan,mean,20,0.9307801961733503,0.9307821867528248,0.0007951818083492923,0.9296844029817071,0.9302454999275054,0.9313511363322257,0.9319382599606656,0.9306916345620195,0.8991146664229801,0.9128350095032031,0.00016030557073712433,0.19933995497391943
SPACE-C|euclidean|mean|k=100,SPACE-C,euclidean,mean,100,0.9304974839691574,0.9305005257662092,0.0005794203654812716,0.9296547920023844,0.9302033955417365,0.9310165851029854,0.931267981258155,0.9303598749257844,0.894245730530506,0.9338423681323055,-0.005062128214481344,0.15732431873447136
SPACE-C|euclidean|mean|k=200,SPACE-C,euclidean,mean,200,0.93049313298389,0.9305053167579167,0.0006390168961348835,0.9297148238339684,0.9302605451187516,0.931106556988203,0.9313936121634776,0.9300510456851836,0.8938487537095979,0.9391268816256051,-0.005367398243625698,0.1462574480532462
SPACE-C|manhattan|mean|k=50,SPACE-C,manhattan,mean,50,0.930218190684037,0.9302278652217124,0.0005176362013030797,0.9294587353886583,0.9299816826759733,0.9306625627979302,0.9309244058573142,0.9301119393886863,0.8938718592747881,0.9263210453885513,-0.004027149821779397,0.17175789801133803
SPACE-B|euclidean|mean|k=20,SPACE-B,euclidean,mean,20,0.9300429793249381,0.9300464331921349,0.0008478534952000362,0.9289688590547462,0.9293566407813185,0.9309901509466784,0.9310613729540225,0.9298551422239089,0.8973407693462098,0.9117261239847311,0.00012984191256471916,0.19831373932374133
SPACE-A|manhattan|mean|k=100,SPACE-A,manhattan,mean,100,0.9299308060413468,0.9299348348968565,0.0007063807321237974,0.9290473134659298,0.929373192686364,0.9306462889695581,0.9308575208058215,0.929749858556609,0.8900946004928251,0.9358901527744223,-0.004108565712216402,0.14119258095760215
SPACE-C|euclidean|mean|k=50,SPACE-C,euclidean,mean,50,0.9296583272571959,0.9296686766933909,0.000656683269597291,0.9285967361402544,0.9295413421746899,0.9303669878456047,0.9303537694354235,0.929484547870982,0.8924174535657365,0.9257195199212216,-0.004287159609389916,0.1706547960305596
SPACE-B|manhattan|weighted|k=20,SPACE-B,manhattan,weighted,20,0.9295315328499214,0.929534362737324,0.0008023678517702415,0.9284870997180326,0.9289623997345047,0.9301008770958177,0.9307389625878549,0.9293824745504108,0.8949364622308923,0.9108655019003625,0.00018552602767946092,0.1976768714060588
SPACE-A|manhattan|mean|k=200,SPACE-A,manhattan,mean,200,0.9295178412907528,0.9295227774208208,0.0007140333345623311,0.9286432344419231,0.9289667999933946,0.9301338450390667,0.9305487001684589,0.9293213074612605,0.8880700282407474,0.9391604575489255,-0.004052225553722927,0.13317674208735558
SPACE-A|manhattan|weighted|k=50,SPACE-A,manhattan,weighted,50,0.9294638578364339,0.9294673637038342,0.0006993973432526245,0.9285273744049611,0.9289418211726694,0.9301498411713449,0.9303656678694256,0.9293521139007697,0.8900831467408554,0.9292843352785728,-0.004120646014367846,0.15270228411110406
SPACE-A|manhattan|mean|k=50,SPACE-A,manhattan,mean,50,0.9291573690894435,0.9291605687308625,0.0006911936807766303,0.9282229932261651,0.928626471442177,0.9298205520864498,0.9300457034869879,0.9290871234125327,0.8892611173383598,0.9289333840064369,-0.004132673293826062,0.15253137165282976
SPACE-B|euclidean|weighted|k=20,SPACE-B,euclidean,weighted,20,0.9288747913619831,0.9288788023274439,0.0008394260679282247,0.9278093157362609,0.9282260480100568,0.9297613034872473,0.9299397264624464,0.9286576179412083,0.8933835090617585,0.9098454676347035,0.0001858902682348531,0.19676710534695968
SPACE-A|euclidean|mean|k=100,SPACE-A,euclidean,mean,100,0.9272978964220072,0.9273021203832904,0.0007035306316911575,0.9263815219238065,0.9267429667955357,0.9279167281793961,0.9282650897466267,0.9272042952710873,0.8830521329592773,0.9330417653128085,-0.004167672191790374,0.1388345046802565
SPACE-A|euclidean|weighted|k=50,SPACE-A,euclidean,weighted,50,0.9269472172333735,0.9269517231362624,0.0007208046820942237,0.9258898408824343,0.9265226349255133,0.9276851604640872,0.9278107124626167,0.9268502669466607,0.8833183680890372,0.9259535986396722,-0.004169216497221267,0.151660691831298
SPACE-A|euclidean|mean|k=200,SPACE-A,euclidean,mean,200,0.9269071183025159,0.9269111622185365,0.0006904202575434643,0.9260419339800791,0.9263628924358795,0.9275078533476551,0.9278847445413057,0.926758386787763,0.8811570072237246,0.9368973253318896,-0.00415355067269185,0.12969744365621397
SPACE-A|euclidean|mean|k=50,SPACE-A,euclidean,mean,50,0.9266313795701643,0.9266360093665581,0.0007124963512422011,0.9255639842430441,0.9262170754729306,0.9273567663750538,0.9274668768723341,0.926575343869428,0.882480002821857,0.9256560462915284,-0.004189695976875883,0.1513811046093339
SPACE-C|manhattan|mean|k=20,SPACE-C,manhattan,mean,20,0.9261887870647943,0.9261917162722687,0.000617597287745356,0.9254317448303596,0.9258506906807389,0.9267753077976718,0.927058219858863,0.9258426181937102,0.8855743527317523,0.9087461507828978,-0.0024848748209404014,0.1927767810617744
SPACE-C|euclidean|mean|k=20,SPACE-C,euclidean,mean,20,0.9251942707959742,0.9252113555237947,0.0013571941264806171,0.9226896258083956,0.9254287093291569,0.9263632780896599,0.9264249659490229,0.9251501984427384,0.8834519330706637,0.9076155021787217,-0.0031432803810645033,0.19105332624811566
SPACE-A|manhattan|weighted|k=20,SPACE-A,manhattan,weighted,20,0.9248409735608685,0.9248434170141753,0.0007840285324970495,0.9237180632064751,0.9242705590580933,0.9256058049703086,0.9257908066408176,0.9248318511951816,0.8810591730834735,0.9113576246708858,-0.004453954135238775,0.17250032672977667
SPACE-A|manhattan|mean|k=20,SPACE-A,manhattan,mean,20,0.9244862568936836,0.9244885450669675,0.0007828105516223017,0.9233375058915749,0.9239134996026579,0.9252124211151378,0.9254267910821791,0.9245525076432881,0.8805280021713239,0.9112274334302886,-0.004544371853419408,0.17226314744876733
SPACE-C|manhattan|weighted|k=50,SPACE-C,manhattan,weighted,50,0.9230865632497756,0.9230995696206087,0.0004423706093708527,0.9230095651994534,0.9224551691149485,0.923700674026775,0.9234702716455538,0.9228621681163125,0.8740124279545354,0.9154107875483883,-0.0011852582431201206,0.163950282877515
SPACE-C|euclidean|weighted|k=50,SPACE-C,euclidean,weighted,50,0.9226049660627113,0.9226139924753248,0.0005054312177444111,0.9222639027271253,0.9220639888144369,0.9233988007392897,0.9230105062454212,0.9223327638503508,0.8729611851534514,0.914953628826753,-0.0017494617763118522,0.16293192809756615
SPACE-A|euclidean|weighted|k=20,SPACE-A,euclidean,weighted,20,0.9224287387778468,0.9224324224997478,0.0007668070312230463,0.9214084370119437,0.9219461791961274,0.9233057146997955,0.923338046187447,0.9221637354034247,0.8746281949231153,0.9079309484474555,-0.004371528880133684,0.17185959684668953
SPACE-B|manhattan|mean|k=10,SPACE-B,manhattan,mean,10,0.9222069111591363,0.9222107234315157,0.000804877948911261,0.9214067115918562,0.9216134274730956,0.9232037486014295,0.9231785723868613,0.9216511571043351,0.8842426261151645,0.8894042816455441,9.671713535461482e-05,0.21784386446377915
SPACE-A|euclidean|mean|k=20,SPACE-A,euclidean,mean,20,0.922079157786261,0.9220826136467677,0.0007739111491600896,0.9210187106515562,0.9215876567935227,0.9229595051821472,0.9229787290082193,0.9218684665983934,0.8740827425564961,0.9078313001373274,-0.004455775871518855,0.1715537926119971
SPACE-B|euclidean|mean|k=10,SPACE-B,euclidean,mean,10,0.9212805625572147,0.9212832991393165,0.0008499363593314353,0.9201805625671493,0.9209829479869976,0.922102432153348,0.9224309165665562,0.9207196364225319,0.8825674117180548,0.8881405244076216,-6.713666713544755e-05,0.2166427301441755
SPACE-B|manhattan|weighted|k=10,SPACE-B,manhattan,weighted,10,0.9212444823093222,0.9212481365587758,0.0008163229305089973,0.9204676725458558,0.9205848545887537,0.9222323077874507,0.9222553077222154,0.9207005401496032,0.8794265777331162,0.8875263652370304,6.0094571730964036e-05,0.21630130200004713
SPACE-B|euclidean|weighted|k=10,SPACE-B,euclidean,weighted,10,0.9204158039993918,0.920419915557121,0.0008518075447466871,0.9193928779142007,0.9200056824054779,0.9212409400904091,0.9216061240277704,0.9198539533477467,0.877983022792583,0.8863603402171057,-4.8236550803608944e-05,0.2152470222818102
SPACE-C|manhattan|weighted|k=20,SPACE-C,manhattan,weighted,20,0.9202646742003318,0.920260921923868,0.0005484639677106073,0.9202329557898266,0.9195521442990195,0.9209917113348574,0.9207470372265669,0.9197807609690695,0.8653369180771675,0.9003185645786761,-0.0005156277395923656,0.18523894066110333
SPACE-C|euclidean|weighted|k=20,SPACE-C,euclidean,weighted,20,0.919548899649411,0.9195635904730377,0.000965094191275501,0.9179971910475585,0.9193227252080782,0.9207964383340916,0.920330652802332,0.9193709449731281,0.8640342269363568,0.8995846347517716,-0.0013103676096388524,0.18383756692984862
SPACE-C|manhattan|mean|k=10,SPACE-C,manhattan,mean,10,0.9182310033543104,0.9182418965551333,0.000537630337761902,0.9178889158309496,0.9181459892157172,0.9187388069461081,0.9189470511073121,0.9174887196755801,0.870435990092198,0.8866418012877505,-0.0016493831838063269,0.20989149651905006
SPACE-C|euclidean|mean|k=10,SPACE-C,euclidean,mean,10,0.9155808457252069,0.9155887318251932,0.003708008392167577,0.9082303492168178,0.9173118095594543,0.9170975467889406,0.9183005743471977,0.9170033792135546,0.8673467640159978,0.8816220639402069,-0.0023959805997456826,0.2094393034509298
SPACE-A|manhattan|weighted|k=10,SPACE-A,manhattan,weighted,10,0.91550709762658,0.9155093063218258,0.0007585014391258095,0.914678163655381,0.9149610097494787,0.916491224579528,0.9163569196356423,0.9150592139890993,0.8634729750489691,0.886027033100379,-0.00445429793984613,0.19000683323312445
SPACE-A|manhattan|mean|k=10,SPACE-A,manhattan,mean,10,0.915004808174189,0.9150067996023814,0.0007496839834064527,0.9141136813290623,0.914458693797674,0.9159185458417787,0.9158800594973968,0.9146630175459953,0.8632548235036389,0.8863458104655862,-0.004622302833606185,0.18962705835106744
SPACE-C|manhattan|weighted|k=10,SPACE-C,manhattan,weighted,10,0.9138326053848146,0.9138483544505609,0.0004475445751711604,0.9139399168992981,0.9134523215045213,0.9144200991150261,0.9142013616189222,0.9132280731150371,0.8504069934495437,0.8800214393858465,0.00022761961001967028,0.20383117347644958
SPACE-A|euclidean|weighted|k=10,SPACE-A,euclidean,weighted,10,0.9132055925815112,0.9132075745369723,0.0007885183145657118,0.91237573206047,0.9130188540132744,0.9140935772228646,0.9141656897859778,0.912384019602275,0.8572674323743219,0.882598836282532,-0.003968101277543758,0.18929060350930096
SPACE-A|euclidean|mean|k=10,SPACE-A,euclidean,mean,10,0.9127338774070627,0.912736377816606,0.0007983625149900242,0.9118064095254881,0.9126057264605866,0.9136217077490002,0.9136917295358127,0.9119563158121428,0.8570193273282511,0.8829187072615946,-0.004056999808868744,0.1889227793678494
SPACE-C|euclidean|weighted|k=10,SPACE-C,euclidean,weighted,10,0.9114833402083922,0.9114830391306079,0.003409464555102002,0.9047045295738037,0.9127688330182954,0.9131476564135014,0.9138567978534093,0.912937378794029,0.8485568640167117,0.8754399523743718,-0.0007216529979713944,0.2037635601617373
SPACE-B|manhattan|mean|k=5,SPACE-B,manhattan,mean,5,0.9033421407590794,0.9033446051816225,0.0007180421333599423,0.902748204613246,0.9027421228277579,0.9040508811756924,0.9043780196064632,0.9028037976849529,0.8557254454675716,0.8497035535473373,-0.00030581679131817645,0.23593728316068807
SPACE-B|euclidean|mean|k=5,SPACE-B,euclidean,mean,5,0.9022299233153003,0.9022328114312753,0.0010419976052454154,0.9013351985935115,0.9016144943893535,0.902931109418184,0.9039490846888738,0.9013341700664539,0.8536009271725915,0.8476395102673525,-0.0002990029583476578,0.2352990589869354
SPACE-C|manhattan|mean|k=5,SPACE-C,manhattan,mean,5,0.8992533325494234,0.8992618175853581,0.0028996901516646664,0.8998343027115339,0.9007381616331598,0.901530928416403,0.900642799348343,0.8935628958173505,0.8409385767135916,0.8461883543187112,-0.00041063217056749754,0.22698653489375106
SPACE-C|euclidean|mean|k=5,SPACE-C,euclidean,mean,5,0.8970442512958028,0.8970435564240129,0.004037941697065568,0.8914410508006996,0.8995866518381266,0.9008165980302523,0.8928671213496828,0.9005063601013028,0.8381714890693115,0.8411177814611199,-0.0003642646337467143,0.22842906340137245
SPACE-A|manhattan|mean|k=5,SPACE-A,manhattan,mean,5,0.8945515848835055,0.8945528835756102,0.0010141809363292387,0.8938438849469893,0.8941164084594725,0.8961534295706717,0.8952698929540928,0.8933808019468252,0.8297728053070517,0.8431654246470373,-0.004055647017750685,0.20699811349872504
SPACE-A|euclidean|mean|k=5,SPACE-A,euclidean,mean,5,0.891953588450298,0.8919538700708787,0.0007143354517372825,0.8912872108436618,0.8919067844468027,0.8927501789449399,0.8927690948822866,0.8910560812367023,0.824049635610335,0.839310363468619,-0.0039461157775536665,0.2057591652391459
SPACE-C|manhattan|distance_min|k=1,SPACE-C,manhattan,distance_min,1,0.4750291238488774,0.47514909763089896,0.001330305714402688,0.4747557913720168,0.47434311797739925,0.4748509438307308,0.4777463594692257,0.47404927550512244,-0.07030743230608391,-0.12102449138084388,0.0026352536981103293,0.0585100006255869
SPACE-C|euclidean|distance_min|k=1,SPACE-C,euclidean,distance_min,1,0.473531866921972,0.47365118182569577,0.0012787387648806165,0.4733891513391838,0.4733339795063911,0.4731943297055732,0.47607462936505573,0.472263819212275,-0.07085117313198162,-0.12536521418558455,0.002370470877352371,0.05911644478495728
SPACE-C|manhattan|distance_mean|k=5,SPACE-C,manhattan,distance_mean,5,0.46299368996575174,0.46299564216309397,0.0013835659390157016,0.46247063073616157,0.4617676576001226,0.46320162783547303,0.46557865552772704,0.46195963911598553,-0.08351135290587045,-0.16138710199341114,0.0021380328908597113,0.06916113979918906
SPACE-C|euclidean|distance_mean|k=5,SPACE-C,euclidean,distance_mean,5,0.4606256906749161,0.4606250977168208,0.0014670678483959248,0.46002742181056405,0.459488437034677,0.460763302377729,0.46340044808985875,0.4594458792712751,-0.08453507182552675,-0.16762735207545346,0.002025239299544522,0.0695322987738052
SPACE-C|manhattan|distance_mean|k=10,SPACE-C,manhattan,distance_mean,10,0.4587604147384541,0.45875971125345527,0.0014349463501638032,0.45818548734308967,0.45744146745140263,0.4591048287416792,0.46139236496676356,0.45767440776434154,-0.08692549012687129,-0.17599583983701028,0.0019315296001608051,0.07335951671435521
SPACE-C|euclidean|distance_mean|k=10,SPACE-C,euclidean,distance_mean,10,0.45627235330555144,0.4562717549389882,0.001571889984451606,0.4556458706810952,0.45498876471923927,0.4564429784797034,0.4592354983912459,0.45504566242365696,-0.08771398354477393,-0.18257450613096454,0.0019514721164977035,0.07375806261989103
SPACE-C|manhattan|distance_mean|k=20,SPACE-C,manhattan,distance_mean,20,0.45553164842978333,0.4555318355204022,0.0014847586984055017,0.4551437533917314,0.45412292035041346,0.4556851679132944,0.4582917810096825,0.45441555493688957,-0.08916568565301806,-0.18929965599112678,0.0018100864304441467,0.07875971774712905
SPACE-C|manhattan|distance_mean|k=50,SPACE-C,manhattan,distance_mean,50,0.45315971819239625,0.45315794532528936,0.0015560407183238866,0.4526804836191267,0.45200966829967826,0.4532415647074505,0.4560927685652426,0.4517652414349491,-0.09062879834263397,-0.20305846138461994,0.0017045362733938293,0.08683158536495698
SPACE-C|euclidean|distance_mean|k=20,SPACE-C,euclidean,distance_mean,20,0.4529553638615351,0.4529551071854002,0.0015818270153929975,0.4525164886622654,0.4516142031826913,0.4529296739361605,0.45596600797343506,0.4517491621724489,-0.08961986275700261,-0.19601437429495133,0.0018078964030067005,0.07909670404087414
SPACE-C|manhattan|distance_mean|k=200,SPACE-C,manhattan,distance_mean,200,0.4525779458615588,0.4525753709512105,0.0014064452730627724,0.45211100491973577,0.45176215887494364,0.4522214449987664,0.45533500125802423,0.45144724470458253,-0.08941779250121003,-0.21890338638950457,0.0014574084332173323,0.1014956367325437
SPACE-C|manhattan|distance_mean|k=100,SPACE-C,manhattan,distance_mean,100,0.45236872690936597,0.4523655106464031,0.0014798869925034149,0.45197693187555743,0.4513616239330627,0.45225646553351717,0.45519621638729657,0.45103631550258144,-0.09055873644503917,-0.21158707820317568,0.0015968585755650562,0.09351085209521277
SPACE-C|euclidean|distance_mean|k=200,SPACE-C,euclidean,distance_mean,200,0.4518915296907733,0.45188898879650435,0.0013781728646226614,0.4514873385658508,0.45095452044465567,0.45137469772307637,0.454614991358799,0.45101339589014,-0.08778301443667316,-0.2226315906641623,0.0013595140670809593,0.10359639153531909
SPACE-C|euclidean|distance_mean|k=50,SPACE-C,euclidean,distance_mean,50,0.4508214752366134,0.45082132408979947,0.001563336035323238,0.4503971297078023,0.4498502906613553,0.450708599938868,0.453805500141188,0.44934509999978367,-0.09049596401079263,-0.20951401067267553,0.0016494319254898124,0.08752020342321314
SPACE-C|euclidean|distance_mean|k=100,SPACE-C,euclidean,distance_mean,100,0.4506641668708157,0.450662361881886,0.0014576848825979963,0.4503414517044229,0.4496930404592768,0.45036333184776706,0.45348546053089117,0.44942852486707197,-0.08971624241599008,-0.21710297964959935,0.0014869796744498367,0.09485420476496965
SPACE-A|manhattan|distance_min|k=1,SPACE-A,manhattan,distance_min,1,0.39913458910747746,0.3991334373409872,0.001641224249042997,0.3977512583886025,0.399681204630584,0.3980858171025706,0.40212251180097713,0.3980263947822018,-0.18841686414277312,-0.3327494774543344,0.0016064481397798861,0.0831186760294965
SPACE-A|euclidean|distance_min|k=1,SPACE-A,euclidean,distance_min,1,0.39750019045322427,0.3974986740198883,0.0016479151755590068,0.3959916508544494,0.39772947656160035,0.396223795654971,0.40055949178879735,0.39698895523962363,-0.19178510828537643,-0.3366695779421387,0.001674954294101154,0.08310503145000797
SPACE-A|manhattan|distance_mean|k=5,SPACE-A,manhattan,distance_mean,5,0.38189556740883607,0.381896531967383,0.001499689824969192,0.38045871375779433,0.3819415323725376,0.38138583825859834,0.384732898494234,0.3809636769537507,-0.21305139342343724,-0.3930869109879629,0.0018951992761922158,0.10081149407987822
SPACE-A|euclidean|distance_mean|k=5,SPACE-A,euclidean,distance_mean,5,0.380053444467556,0.38005501044974144,0.0018298378659574125,0.3778622720261434,0.38009559091154144,0.37957265707136467,0.3834006638530001,0.37934386838665757,-0.2183693131408312,-0.3994044229486376,0.002029106335690443,0.10279219875691693
SPACE-A|manhattan|distance_mean|k=200,SPACE-A,manhattan,distance_mean,200,0.3799342107114981,0.37993320997126434,0.002059484583282664,0.3786048740058887,0.38008785703092784,0.3787014555402065,0.3838753379432382,0.37839652533606016,-0.22018213633173842,-0.4217952557899643,0.001177751929870755,0.12514788445642291
SPACE-B|manhattan|distance_min|k=1,SPACE-B,manhattan,distance_min,1,0.37979227758644235,0.3797926199544424,0.001151363184314925,0.37820294259137144,0.37944130567725326,0.38053855170191475,0.3815535913100614,0.3792267084916109,-0.2253072183741349,-0.36091728783351446,0.006436999151124186,0.06183464842680161
SPACE-A|manhattan|distance_mean|k=10,SPACE-A,manhattan,distance_mean,10,0.37885361252237904,0.37885390837502114,0.0015725585106947657,0.37752623818646536,0.378861080684529,0.3783391845574849,0.381851541077771,0.37769149736885554,-0.21764364210618212,-0.40650013685767866,0.0019360573600966866,0.1067504942232537
SPACE-A|manhattan|distance_mean|k=100,SPACE-A,manhattan,distance_mean,100,0.37864829347154505,0.3786473734174435,0.001990161433399774,0.37716741550672317,0.3788234162647663,0.37758595832353004,0.38244331716237556,0.3772167598298225,-0.22074560583806682,-0.4213837383170836,0.0013594781494203209,0.12145140212887101
SPACE-A|euclidean|distance_mean|k=200,SPACE-A,euclidean,distance_mean,200,0.37835172147652746,0.3783512774626304,0.002156026564071593,0.3768076195586248,0.3789128567342979,0.3771659323888461,0.38233241023929515,0.3765375683920882,-0.22530666391928258,-0.4260123003762124,0.0011265941170614836,0.12565264110877655
SPACE-A|manhattan|distance_mean|k=50,SPACE-A,manhattan,distance_mean,50,0.37776111975184207,0.3777608317152219,0.0018767495249232503,0.37626261211391476,0.377932306879515,0.37687695998147214,0.3813270580257634,0.3764052215754443,-0.22092109632981918,-0.41976698364713244,0.0015836657400908395,0.11753104077019977
SPACE-A|manhattan|distance_mean|k=20,SPACE-A,manhattan,distance_mean,20,0.3776272021271178,0.3776278317615994,0.001695135480383558,0.3762340539440405,0.3776663686590509,0.3769902412124977,0.38086379091467715,0.37638470407773095,-0.2200092752056664,-0.41450681416969076,0.0018636661364693895,0.11180146799700108
SPACE-A|euclidean|distance_mean|k=100,SPACE-A,euclidean,distance_mean,100,0.37716532995835494,0.3771652264150779,0.002136976431825572,0.3753646479864373,0.3777858779449096,0.3761047057929705,0.38107574978443254,0.37549515056663935,-0.22575140554484976,-0.42624468642921604,0.0013186578536055823,0.12287592890064655
SPACE-A|euclidean|distance_mean|k=10,SPACE-A,euclidean,distance_mean,10,0.37712364076059407,0.37712487967654407,0.0017996202659586837,0.37515126448117103,0.37730773728388134,0.37663463417486887,0.3804359506702688,0.37609481177253024,-0.2230075786519873,-0.4128773457193199,0.0019376537525244695,0.10910216080866762
SPACE-A|euclidean|distance_mean|k=50,SPACE-A,euclidean,distance_mean,50,0.3763239215819085,0.3763242483265389,0.002100608448313785,0.37427042262038246,0.3769911817510265,0.3754484514409263,0.3801082215802871,0.37480296424007187,-0.22593589589599872,-0.4251649013012006,0.0015487184192021937,0.11962225430843117
SPACE-A|euclidean|distance_mean|k=20,SPACE-A,euclidean,distance_mean,20,0.37609436184793144,0.3760942428389451,0.0019432734705561363,0.3740737843544907,0.37652828583170384,0.3754930609270901,0.3796228620894178,0.37475322099202335,-0.22516552426397207,-0.42048538789866263,0.0018026237536533925,0.1142534361342737
SPACE-B|euclidean|distance_min|k=1,SPACE-B,euclidean,distance_min,1,0.37418664118089173,0.3741872734976737,0.0012026043322630638,0.3722863790480817,0.3744205134898641,0.3749365621414637,0.3757823159780899,0.37351059683086907,-0.23002994034102306,-0.37273817382509417,0.0067073445443271195,0.05971461837618951
SPACE-B|manhattan|distance_mean|k=5,SPACE-B,manhattan,distance_mean,5,0.35998855274438823,0.3599906973140514,0.0016963636369447142,0.3573104283861094,0.3604160354836796,0.36098370072228425,0.3622404889249616,0.3590028330532223,-0.24821919597722616,-0.4173202342033023,0.006308715191871742,0.06912143515632922
SPACE-B|manhattan|distance_mean|k=10,SPACE-B,manhattan,distance_mean,10,0.3558044948645219,0.35580585982498975,0.0017092635936559201,0.3529749816586424,0.3564417159710119,0.3568451244141359,0.3578740015082691,0.35489347557288936,-0.2531051646911124,-0.4308998894958625,0.005980816847532661,0.07240799282405237
SPACE-B|manhattan|distance_mean|k=20,SPACE-B,manhattan,distance_mean,20,0.3533339893104387,0.35333533053252686,0.0017196800063205488,0.3504333773573616,0.35410078369656156,0.35428963150237053,0.355370341098882,0.35248251900745875,-0.25604507751937244,-0.44059990070132393,0.005601015470053705,0.07609154076526159
SPACE-B|manhattan|distance_mean|k=200,SPACE-B,manhattan,distance_mean,200,0.3531133233746221,0.3531160751621913,0.0018633034714056762,0.34999916164703704,0.3540032551538653,0.3540924091739773,0.3553425448489435,0.3521430049871332,-0.2575607650523589,-0.4575930335173097,0.0038335659839200888,0.09317077611845452
SPACE-B|euclidean|distance_mean|k=5,SPACE-B,euclidean,distance_mean,5,0.35304134860703185,0.3530441144057819,0.0017023345099085182,0.35019290586039875,0.3538966174435054,0.35381130676777817,0.35512388359557717,0.35219585836164985,-0.25461393720509284,-0.4326984917055447,0.006525408808162467,0.06723311522576071
SPACE-B|manhattan|distance_mean|k=100,SPACE-B,manhattan,distance_mean,100,0.3522875032065033,0.3522899088679961,0.0018477198393246563,0.3491754924517464,0.35325840217389687,0.3532661647248244,0.3544232317400886,0.3513262532494244,-0.2579142877062065,-0.45391858402521573,0.004406669585546555,0.08722015436023617
SPACE-B|manhattan|distance_mean|k=50,SPACE-B,manhattan,distance_mean,50,0.3521043268069282,0.352106798803978,0.0017773290801839804,0.34909450465043335,0.3530458801735063,0.35308965695196803,0.35411455204395925,0.35118940020002326,-0.2577224055458591,-0.4493080614007429,0.004944928532410059,0.08195773535634643
SPACE-B|euclidean|distance_mean|k=10,SPACE-B,euclidean,distance_mean,10,0.34855555552284256,0.3485582512303425,0.0017420051499899072,0.34570163077544874,0.3495452197458475,0.3492469855584749,0.35070865943611246,0.34758876063582883,-0.2600531341366411,-0.4471058244245066,0.006252504555949843,0.07060326829004433
SPACE-B|euclidean|distance_mean|k=200,SPACE-B,euclidean,distance_mean,200,0.3483400721044318,0.34834432160624157,0.0018918738000749972,0.34530616641962053,0.3497255610948843,0.34880694977442184,0.35064888107040126,0.34723404967188004,-0.26337907660967713,-0.46943836823323537,0.004150496828457924,0.09325758245255997
SPACE-B|euclidean|distance_mean|k=100,SPACE-B,euclidean,distance_mean,100,0.34671764836953206,0.3467210559241215,0.0019078839857096803,0.34361102319832953,0.3482095091461987,0.34725837934674514,0.3489117875979938,0.34561458033134007,-0.2643776639959258,-0.4672615830955339,0.004711090549007612,0.08679700654875463
SPACE-B|euclidean|distance_mean|k=20,SPACE-B,euclidean,distance_mean,20,0.3461771400319982,0.3461806748734432,0.001792002922965479,0.3432432633728071,0.3473318966283814,0.3467510625817757,0.348375750282611,0.3452014015016404,-0.26327117425202756,-0.45674478532590473,0.005852563359349283,0.07448234248141634
SPACE-B|euclidean|distance_mean|k=50,SPACE-B,euclidean,distance_mean,50,0.34572725145981653,0.3457310703425628,0.0018796694392348343,0.34264434165646374,0.347119174062653,0.34633634534898194,0.34789746677745237,0.34465802386726274,-0.26470498790879204,-0.4641235498391244,0.00524498659295739,0.0809779293112342
