feature_a,feature_b,mean_strength,std_strength,abs_mean_strength
work_study_hours,screen_le_6,-0.45515071153640746,0.010610529464734057,0.45515071153640746
social_media_hours,screen_minus_social,-0.4274897038936615,0.00930418772934838,0.4274897038936615
social_dist_to_4,screen_minus_social,-0.3950953960418701,0.01067676380497149,0.3950953960418701
social_media_hours,social_dist_to_4,0.3911923885345459,0.016679784435838504,0.3911923885345459
weekend_screen_time,screen_x_social,-0.3701418161392212,0.009300243287654332,0.3701418161392212
screen_minus_social,min_abs_threshold_distance,-0.3688223838806152,0.012532279721949258,0.3688223838806152
screen_le_6,screen_mid_band,0.36739925742149354,0.023100904606256367,0.36739925742149354
social_media_hours,social_over_screen,-0.35242287516593934,0.011264075910511517,0.35242287516593934
screen_minus_social,social_over_screen,0.3464956521987915,0.010979096022228688,0.3464956521987915
social_dist_to_4,social_over_screen,-0.33720101714134215,0.012313435050839526,0.33720101714134215
work_study_hours,screen_mid_band,-0.31236236095428466,0.006101207979006286,0.31236236095428466
gaming_hours,screen_le_6,-0.298797070980072,0.01640594861659306,0.298797070980072
work_study_hours,weekend_screen_time,0.2945790469646454,0.009685017776850897,0.2945790469646454
weekend_screen_time,screen_abs_dist_to_6,0.291549414396286,0.013535433983364398,0.291549414396286
social_abs_dist_to_4,screen_minus_social,0.29134519696235656,0.013410902085781764,0.29134519696235656
social_over_screen,region_code,-0.2885602593421936,0.007568734547465321,0.2885602593421936
clear_positive_zone,social_over_screen,-0.2810884416103363,0.005850527738408063,0.2810884416103363
screen_gt_8,social_over_screen,-0.2765052080154419,0.008361589154110376,0.2765052080154419
gaming_hours,work_study_hours,0.25196683406829834,0.007753680205815931,0.25196683406829834
gaming_hours,weekend_screen_time,0.23850983679294585,0.0056422745396473495,0.23850983679294585
work_study_hours,clear_positive_zone,-0.22517947852611542,0.0056922904679307385,0.22517947852611542
social_media_hours,screen_le_6,-0.22251874804496766,0.03026048643877554,0.22251874804496766
gaming_hours,screen_mid_band,-0.21273850202560424,0.009963198243354232,0.21273850202560424
work_study_hours,social_over_screen,0.20947275161743165,0.009262892115938521,0.20947275161743165
screen_le_6,screen_abs_dist_to_8,-0.2032812774181366,0.028979412956809017,0.2032812774181366
social_media_hours,min_abs_threshold_distance,0.2032151222229004,0.005996223571588802,0.2032151222229004
screen_le_6,screen_minus_social,0.2018866777420044,0.04027272081343975,0.2018866777420044
social_media_hours,screen_x_social,0.201375812292099,0.012869167771982921,0.201375812292099
social_media_hours,social_abs_dist_to_4,-0.2007964789867401,0.008643978896158406,0.2007964789867401
work_study_hours,region_code,-0.19707534611225128,0.008915845115410789,0.19707534611225128
social_dist_to_4,screen_x_social,0.19547972083091736,0.011009579392104424,0.19547972083091736
screen_le_6,social_dist_to_4,-0.191867458820343,0.021173252141812687,0.191867458820343
social_dist_to_4,social_abs_dist_to_4,-0.18802832067012787,0.006413782337095791,0.18802832067012787
screen_le_6,min_abs_threshold_distance,-0.18795078098773957,0.016654900012210178,0.18795078098773957
screen_x_social,screen_minus_social,-0.18427052795886995,0.004835184203198321,0.18427052795886995
clear_positive_zone,region_code,0.1825700432062149,0.005148765364285407,0.1825700432062149
ambiguous_zone,social_over_screen,0.1782594233751297,0.00567510134974888,0.1782594233751297
social_dist_to_4,min_abs_threshold_distance,0.17218935191631318,0.004225099550705545,0.17218935191631318
screen_abs_dist_to_6,screen_x_social,-0.16981635093688965,0.010485437459602696,0.16981635093688965
social_abs_dist_to_4,min_abs_threshold_distance,-0.16338959634304046,0.010405047792196205,0.16338959634304046
screen_abs_dist_to_8,social_over_screen,-0.1576372742652893,0.007458161261966986,0.1576372742652893
screen_dist_to_6,social_over_screen,-0.15719250440597535,0.012598913414780023,0.15719250440597535
screen_gt_8,clear_positive_zone,0.15580954551696777,0.0036422332109952073,0.15580954551696777
screen_le_6,screen_abs_dist_to_6,-0.15329096019268035,0.012729889269723975,0.15329096019268035
screen_dist_to_8,social_over_screen,-0.15276867747306824,0.010276947901740737,0.15276867747306824
screen_le_6,social_abs_dist_to_4,0.15266888439655305,0.023986160582880306,0.15266888439655305
daily_screen_time_hours,social_over_screen,-0.15260744392871856,0.009084009129460478,0.15260744392871856
social_over_screen,min_abs_threshold_distance,-0.1481911212205887,0.004536792618845338,0.1481911212205887
gaming_hours,clear_positive_zone,-0.14817181825637818,0.00490824439906108,0.14817181825637818
screen_gt_8,region_code,0.14610208570957184,0.002726708599369853,0.14610208570957184
social_abs_dist_to_4,social_over_screen,0.14441248774528503,0.010435208794002199,0.14441248774528503
work_study_hours,screen_gt_8,-0.1395992487668991,0.0032199829310126317,0.1395992487668991
daily_screen_time_hours,weekend_screen_time,0.1386905699968338,0.004295935856162264,0.1386905699968338
weekend_screen_time,screen_minus_social,0.13580054938793182,0.014237512330789539,0.13580054938793182
screen_le_6,clear_positive_zone,0.13364391773939133,0.01719609766931315,0.13364391773939133
weekend_screen_time,screen_dist_to_6,0.12659116834402084,0.004824596402781101,0.12659116834402084
gaming_hours,social_over_screen,0.12407945990562438,0.014950787635306441,0.12407945990562438
clear_positive_zone,screen_mid_band,0.12392031997442246,0.008187997631172709,0.12392031997442246
screen_abs_dist_to_8,screen_mid_band,-0.12009269893169403,0.011537565071693687,0.12009269893169403
social_gt_4,social_le_4,-0.11788371950387955,0.008949283742823508,0.11788371950387955
screen_gt_8,screen_abs_dist_to_8,0.11768531054258347,0.003067864474235941,0.11768531054258347
daily_screen_time_hours,screen_dist_to_6,0.11620056629180908,0.006236839954504766,0.11620056629180908
daily_screen_time_hours,screen_x_social,-0.11514300256967544,0.005252367009358319,0.11514300256967544
weekend_screen_time,screen_dist_to_8,0.11387640684843063,0.005463489606967293,0.11387640684843063
clear_positive_zone,ambiguous_zone,-0.11382696032524109,0.0019463277167812978,0.11382696032524109
daily_screen_time_hours,screen_dist_to_8,0.11265484541654587,0.005316259566227047,0.11265484541654587
screen_dist_to_6,screen_x_social,-0.11239107847213745,0.005762690352251548,0.11239107847213745
screen_plus_social,screen_minus_social,0.11236020177602768,0.010838889691986864,0.11236020177602768
screen_dist_to_6,screen_dist_to_8,0.11210213154554367,0.007011709919186432,0.11210213154554367
screen_gt_8,screen_minus_social,-0.11156996339559555,0.008567088916123644,0.11156996339559555
gaming_hours,screen_gt_8,-0.11071393489837647,0.009391973836971233,0.11071393489837647
gaming_hours,region_code,-0.1086337298154831,0.003931216025745714,0.1086337298154831
screen_plus_social,min_abs_threshold_distance,-0.10818997025489807,0.004901406431932042,0.10818997025489807
screen_gt_8,ambiguous_zone,-0.1071948379278183,0.003559303360714792,0.1071948379278183
weekend_screen_time,min_abs_threshold_distance,-0.1050419807434082,0.012184471900710201,0.1050419807434082
screen_dist_to_8,screen_x_social,-0.10418165624141693,0.005460817091552025,0.10418165624141693
weekend_screen_time,social_near_threshold,0.1034720629453659,0.004212392465896546,0.1034720629453659
ambiguous_zone,region_code,-0.10258848369121551,0.0010070860104206638,0.10258848369121551
work_study_hours,ambiguous_zone,0.10249209702014923,0.0028496510214996254,0.10249209702014923
screen_abs_dist_to_6,screen_abs_dist_to_8,0.10003311187028885,0.005768830486714775,0.10003311187028885
clear_positive_zone,screen_minus_social,-0.10001192390918731,0.011057256437844639,0.10001192390918731
work_study_hours,screen_abs_dist_to_6,0.09880386292934418,0.008028240134645268,0.09880386292934418
screen_le_6,region_code,0.09623879492282868,0.019082739902039132,0.09623879492282868
screen_dist_to_6,region_code,0.09620589017868042,0.00894928742277098,0.09620589017868042
social_gt_4,screen_x_social,0.09583375751972198,0.0038131248146682775,0.09583375751972198
social_media_hours,screen_gt_8,0.09557269364595414,0.0035836511926748823,0.09557269364595414
screen_le_6,social_over_screen,0.09508807361125945,0.04977832771239087,0.09508807361125945
gaming_hours,screen_abs_dist_to_6,0.09505047202110291,0.007866666798013996,0.09505047202110291
screen_mid_band,region_code,0.09262598901987076,0.006734081385359614,0.09262598901987076
screen_le_6,clear_negative_zone,-0.0921105295419693,0.012690787778996989,0.0921105295419693
social_dist_to_4,region_code,0.09081004112958908,0.00920659010171082,0.09081004112958908
clear_negative_zone,social_over_screen,0.09006103426218033,0.012120373584532404,0.09006103426218033
social_media_hours,clear_positive_zone,0.08990250676870346,0.003312601069605377,0.08990250676870346
daily_screen_time_hours,region_code,0.08964206576347351,0.004684650284825486,0.08964206576347351
social_media_hours,screen_mid_band,-0.08915715664625168,0.00863905080627665,0.08915715664625168
screen_abs_dist_to_6,social_over_screen,-0.0877060204744339,0.008674759148224132,0.0877060204744339
work_study_hours,clear_negative_zone,0.08696513175964356,0.007036148427999026,0.08696513175964356
clear_positive_zone,social_dist_to_4,0.08694427758455277,0.005691192231789931,0.08694427758455277
social_le_4,screen_x_social,-0.08688393235206604,0.004601091102758419,0.08688393235206604
clear_negative_zone,screen_x_social,0.08643943667411805,0.0071395941894853415,0.08643943667411805
social_media_hours,region_code,0.08608902841806412,0.006039105425530205,0.08608902841806412
gaming_hours,ambiguous_zone,0.08607692271471024,0.002183609970105505,0.08607692271471024
work_study_hours,social_near_threshold,0.08607109487056733,0.01247072417380077,0.08607109487056733
social_over_screen,social_near_threshold,0.08580431193113328,0.008143831022622894,0.08580431193113328
screen_dist_to_8,region_code,0.08575554788112641,0.0060685166144305545,0.08575554788112641
clear_negative_zone,region_code,-0.08547245413064956,0.009614666167964752,0.08547245413064956
social_le_4,social_over_screen,-0.08388211578130722,0.009268689273181394,0.08388211578130722
clear_positive_zone,clear_negative_zone,-0.0836459755897522,0.010187470678973187,0.0836459755897522
weekend_screen_time,screen_mid_band,-0.08255889415740966,0.006702281036654291,0.08255889415740966
screen_gt_8,social_dist_to_4,0.08214313685894012,0.003199060304673749,0.08214313685894012
daily_screen_time_hours,screen_le_6,-0.08134896904230118,0.014919723577845068,0.08134896904230118
weekend_screen_time,screen_le_6,-0.08002148047089577,0.011752527376344779,0.08002148047089577
clear_positive_zone,screen_dist_to_6,0.07968604564666748,0.010254248212890586,0.07968604564666748
weekend_screen_time,social_over_screen,0.07836533710360527,0.01606229652580763,0.07836533710360527
ambiguous_zone,screen_minus_social,0.07809746414422988,0.005907259087480143,0.07809746414422988
screen_minus_social,social_near_threshold,0.07724834829568863,0.0050278956226879595,0.07724834829568863
screen_gt_8,screen_abs_dist_to_6,0.07703041732311249,0.0062914504812685,0.07703041732311249
gaming_hours,social_near_threshold,0.07659191191196442,0.007473238693906883,0.07659191191196442
clear_positive_zone,screen_dist_to_8,0.07631387263536453,0.0083623274064294,0.07631387263536453
daily_screen_time_hours,screen_abs_dist_to_6,0.07601549476385117,0.0024998009282346475,0.07601549476385117
work_study_hours,screen_x_social,-0.07429538443684577,0.011597198695493511,0.07429538443684577
screen_le_6,screen_dist_to_6,-0.07277905866503716,0.0212832092276489,0.07277905866503716
daily_screen_time_hours,clear_positive_zone,0.07266126871109009,0.00642008025591958,0.07266126871109009
screen_dist_to_6,screen_abs_dist_to_6,0.07227140367031097,0.0036459424386151924,0.07227140367031097
social_dist_to_4,screen_mid_band,-0.07222629114985465,0.006666188501599792,0.07222629114985465
screen_le_6,screen_plus_social,0.0720076434314251,0.008991449486289662,0.0720076434314251
screen_le_6,screen_dist_to_8,-0.0717130571603775,0.018113813642013504,0.0717130571603775
social_gt_4,social_over_screen,0.07123677507042885,0.008783323456653825,0.07123677507042885
screen_gt_8,clear_negative_zone,-0.0699414387345314,0.007473202398870148,0.0699414387345314
screen_abs_dist_to_6,screen_mid_band,-0.0695158988237381,0.00541193773796995,0.0695158988237381
social_abs_dist_to_4,screen_x_social,-0.0670258067548275,0.005348068062215309,0.0670258067548275
screen_gt_8,screen_dist_to_6,0.0666443020105362,0.0032746758351412854,0.0666443020105362
social_le_4,screen_dist_to_8,0.06646732538938523,0.005914314571877146,0.06646732538938523
daily_screen_time_hours,social_le_4,0.06642227694392204,0.00541744282248555,0.06642227694392204
daily_screen_time_hours,social_gt_4,-0.06574757546186447,0.005025029345032533,0.06574757546186447
social_media_hours,weekend_screen_time,-0.06571081876754761,0.007986146921158467,0.06571081876754761
daily_screen_time_hours,screen_gt_8,0.0655726321041584,0.0029925631329244104,0.0655726321041584
social_media_hours,ambiguous_zone,-0.06539552360773086,0.005948178309943671,0.06539552360773086
social_gt_4,screen_dist_to_8,-0.06524979174137116,0.005348893907405855,0.06524979174137116
daily_screen_time_hours,work_study_hours,0.0649553470313549,0.006678275118867297,0.0649553470313549
screen_gt_8,min_abs_threshold_distance,0.06409679055213928,0.008647318492968976,0.06409679055213928
screen_x_social,min_abs_threshold_distance,0.06303711906075478,0.0048907722206458955,0.06303711906075478
social_le_4,screen_dist_to_6,0.061990204453468326,0.007835445729195605,0.061990204453468326
screen_dist_to_8,screen_abs_dist_to_6,0.06195380389690399,0.002546601384734959,0.06195380389690399
screen_gt_8,screen_dist_to_8,0.06133407801389694,0.0035850016240864644,0.06133407801389694
social_gt_4,screen_dist_to_6,-0.0610459141433239,0.007289773311814793,0.0610459141433239
clear_negative_zone,screen_mid_band,-0.06078642383217812,0.0075578228662921965,0.06078642383217812
screen_abs_dist_to_8,region_code,0.059239547699689865,0.005345828029559383,0.059239547699689865
weekend_screen_time,screen_gt_8,-0.05848144218325615,0.006572980352039309,0.05848144218325615
ambiguous_zone,social_dist_to_4,-0.058435650914907454,0.00661499283341747,0.058435650914907454
min_abs_threshold_distance,social_near_threshold,-0.057730266451835634,0.003707344011304782,0.057730266451835634
screen_mid_band,social_near_threshold,-0.05760914608836174,0.009061958684589887,0.05760914608836174
ambiguous_zone,screen_mid_band,-0.056526339054107665,0.005314324121881289,0.056526339054107665
gaming_hours,screen_x_social,-0.056279636919498444,0.007147098216438721,0.056279636919498444
gaming_hours,screen_abs_dist_to_8,0.05620769038796425,0.00786233210174392,0.05620769038796425
screen_le_6,social_le_4,-0.05577984936535359,0.01350350925753115,0.05577984936535359
screen_dist_to_6,screen_abs_dist_to_8,0.05542556717991829,0.004474576991170186,0.05542556717991829
weekend_screen_time,clear_positive_zone,-0.054707667976617816,0.005844746351423812,0.054707667976617816
weekend_screen_time,clear_negative_zone,-0.05467636361718178,0.005963012479539145,0.05467636361718178
screen_minus_social,region_code,-0.0545294739305973,0.009640952940780911,0.0545294739305973
social_abs_dist_to_4,screen_mid_band,0.05402607396245003,0.009488375068089153,0.05402607396245003
weekend_screen_time,screen_near_threshold,0.05364301353693009,0.003576027722375305,0.05364301353693009
social_media_hours,screen_abs_dist_to_8,0.053634706884622574,0.004668067061847515,0.053634706884622574
social_media_hours,social_near_threshold,-0.05353768020868301,0.007075539066326016,0.05353768020868301
work_study_hours,screen_dist_to_8,0.05350850000977516,0.009988793404867417,0.05350850000977516
screen_le_6,social_gt_4,0.05246930234134197,0.014184093817349265,0.05246930234134197
social_le_4,screen_minus_social,-0.05244039669632912,0.007299657999759111,0.05244039669632912
social_dist_to_4,social_near_threshold,-0.05241067260503769,0.005314611575998815,0.05241067260503769
gaming_hours,clear_negative_zone,0.052281749248504636,0.007240810691821654,0.052281749248504636
clear_negative_zone,screen_dist_to_6,-0.05227873846888542,0.010117179197497186,0.05227873846888542
screen_gt_8,screen_mid_band,0.052255590260028836,0.009544649205716125,0.052255590260028836
daily_screen_time_hours,clear_negative_zone,-0.05100173503160477,0.006703266054292985,0.05100173503160477
ambiguous_zone,screen_dist_to_6,-0.050776746869087216,0.005278588994387712,0.050776746869087216
daily_screen_time_hours,screen_abs_dist_to_8,0.0506843164563179,0.004658904323400584,0.0506843164563179
social_media_hours,screen_dist_to_8,0.050676868110895154,0.006276792585586013,0.050676868110895154
ambiguous_zone,screen_dist_to_8,-0.05053066685795784,0.005055951827458482,0.05053066685795784
gaming_hours,social_abs_dist_to_4,-0.050406462699174884,0.011625564918884387,0.050406462699174884
social_le_4,social_abs_dist_to_4,-0.05022422671318054,0.0037799806974785264,0.05022422671318054
screen_gt_8,social_near_threshold,-0.049602361768484114,0.006471829403133844,0.049602361768484114
daily_screen_time_hours,ambiguous_zone,-0.04912950471043587,0.003954418862292713,0.04912950471043587
social_abs_dist_to_4,screen_plus_social,0.04892389848828316,0.005226983883012952,0.04892389848828316
work_study_hours,screen_minus_social,0.04849223643541336,0.018037421137886207,0.04849223643541336
social_le_4,min_abs_threshold_distance,0.048054952174425125,0.0050033601377858835,0.048054952174425125
clear_negative_zone,screen_dist_to_8,-0.04784828796982765,0.007686488934974468,0.04784828796982765
clear_negative_zone,ambiguous_zone,0.04758074730634689,0.0053154198028257296,0.04758074730634689
screen_dist_to_8,social_dist_to_4,0.047342536598443986,0.00697661421539628,0.047342536598443986
clear_negative_zone,min_abs_threshold_distance,0.04639507532119751,0.004809993734786466,0.04639507532119751
social_gt_4,social_abs_dist_to_4,0.04556090533733368,0.00338427865659488,0.04556090533733368
clear_negative_zone,screen_minus_social,-0.04541260376572609,0.008091294870628492,0.04541260376572609
screen_minus_social,screen_near_threshold,-0.04519108980894089,0.008544912126227726,0.04519108980894089
screen_x_social,social_near_threshold,-0.04515997543931007,0.006460680616168005,0.04515997543931007
daily_screen_time_hours,social_dist_to_4,0.0437464565038681,0.007402473983683547,0.0437464565038681
social_le_4,clear_positive_zone,0.04354547709226608,0.006272725520810197,0.04354547709226608
work_study_hours,screen_dist_to_6,0.04327811449766159,0.01511252414052999,0.04327811449766159
social_gt_4,min_abs_threshold_distance,-0.043144472688436505,0.004548958710581886,0.043144472688436505
work_study_hours,screen_plus_social,-0.043142085522413255,0.006458270958211415,0.043142085522413255
social_le_4,region_code,0.042995055019855496,0.005122431774268497,0.042995055019855496
social_media_hours,screen_dist_to_6,0.0426493838429451,0.006060693932233544,0.0426493838429451
clear_positive_zone,social_near_threshold,-0.04260409101843834,0.006542774654956899,0.04260409101843834
social_gt_4,screen_minus_social,0.04184320643544197,0.006195805951032294,0.04184320643544197
screen_le_6,ambiguous_zone,-0.04178357012569904,0.012499129826149095,0.04178357012569904
screen_gt_8,screen_x_social,-0.041336490958929065,0.005917056969362822,0.041336490958929065
daily_screen_time_hours,social_media_hours,0.04131529033184052,0.006610042990389398,0.04131529033184052
screen_dist_to_6,social_dist_to_4,0.04126152321696282,0.006664384379173231,0.04126152321696282
work_study_hours,screen_abs_dist_to_8,0.04117764979600906,0.005450163837050442,0.04117764979600906
min_abs_threshold_distance,screen_near_threshold,0.04085736870765686,0.005959396068142488,0.04085736870765686
screen_dist_to_8,screen_abs_dist_to_8,0.04072432294487953,0.005386582041138475,0.04072432294487953
clear_negative_zone,screen_abs_dist_to_6,-0.0406725637614727,0.0025701940341017367,0.0406725637614727
social_gt_4,screen_plus_social,0.040512291342020036,0.0030436603044262382,0.040512291342020036
social_over_screen,screen_mid_band,-0.04013591259717941,0.017934855663412592,0.04013591259717941
social_le_4,screen_plus_social,-0.03976072296500206,0.0038953035921640406,0.03976072296500206
social_gt_4,screen_abs_dist_to_6,-0.03932938128709793,0.0032774847111111316,0.03932938128709793
screen_plus_social,region_code,0.03904703035950661,0.003438574848047512,0.03904703035950661
weekend_screen_time,screen_abs_dist_to_8,-0.03886963110417128,0.020491419713161388,0.03886963110417128
social_gt_4,clear_positive_zone,-0.037634477391839026,0.006743219202327456,0.037634477391839026
screen_abs_dist_to_6,min_abs_threshold_distance,0.037602392584085466,0.0031418450159972455,0.037602392584085466
gaming_hours,screen_minus_social,0.037468035146594046,0.014748827947084287,0.037468035146594046
social_gt_4,region_code,-0.037446868047118186,0.005236133091940625,0.037446868047118186
work_study_hours,social_abs_dist_to_4,-0.037328535318374635,0.011046648479946476,0.037328535318374635
ambiguous_zone,screen_abs_dist_to_8,-0.03722855001688004,0.00299031406580261,0.03722855001688004
social_dist_to_4,screen_abs_dist_to_8,0.03675117343664169,0.003889342363205006,0.03675117343664169
weekend_screen_time,screen_plus_social,0.036587876826524736,0.014905530386544555,0.036587876826524736
social_media_hours,clear_negative_zone,0.03585439622402191,0.006174530584122837,0.03585439622402191
screen_gt_8,social_le_4,0.03531996421515941,0.0067547405269468,0.03531996421515941
social_le_4,screen_abs_dist_to_6,0.03502227999269962,0.0029374805012884297,0.03502227999269962
clear_positive_zone,screen_abs_dist_to_8,0.034954195842146873,0.003608608605345314,0.034954195842146873
social_near_threshold,region_code,-0.034881603345274924,0.005445657282358544,0.034881603345274924
screen_x_social,region_code,-0.034298934042453766,0.003781316625744331,0.034298934042453766
screen_abs_dist_to_8,screen_x_social,-0.03399314507842064,0.008396131443346994,0.03399314507842064
weekend_screen_time,social_dist_to_4,-0.03315567746758461,0.006230475497648955,0.03315567746758461
social_gt_4,clear_negative_zone,0.03204115591943264,0.0032104269133910327,0.03204115591943264
screen_gt_8,social_gt_4,-0.03196517787873745,0.0062111106209533865,0.03196517787873745
social_le_4,ambiguous_zone,-0.031799689307808875,0.003231776388191686,0.031799689307808875
screen_dist_to_8,screen_minus_social,-0.03138143569231033,0.006595345633724466,0.03138143569231033
screen_x_social,social_over_screen,-0.031145190447568895,0.009951240254718092,0.031145190447568895
ambiguous_zone,min_abs_threshold_distance,-0.031139884516596793,0.00583619627207456,0.031139884516596793
social_le_4,clear_negative_zone,-0.030914926528930665,0.0035306951986012547,0.030914926528930665
ambiguous_zone,screen_abs_dist_to_6,-0.030600619688630103,0.005860270655892914,0.030600619688630103
screen_abs_dist_to_6,region_code,0.030545073002576827,0.0066318891183623245,0.030545073002576827
clear_negative_zone,social_dist_to_4,0.03044268824160099,0.0060418956055267965,0.03044268824160099
screen_abs_dist_to_8,screen_minus_social,0.029504904896020888,0.004910601345317139,0.029504904896020888
weekend_screen_time,social_le_4,-0.029324827529489995,0.013504549402787636,0.029324827529489995
screen_dist_to_8,social_abs_dist_to_4,-0.028985577449202538,0.0059764472609391715,0.028985577449202538
screen_abs_dist_to_6,screen_plus_social,-0.028797225654125215,0.004859474700036038,0.028797225654125215
screen_abs_dist_to_6,social_near_threshold,0.028309806436300277,0.0026302968782283245,0.028309806436300277
clear_positive_zone,screen_x_social,-0.028214909508824347,0.006662155411359267,0.028214909508824347
social_gt_4,ambiguous_zone,0.028083296865224837,0.0036980614179170893,0.028083296865224837
min_abs_threshold_distance,screen_mid_band,-0.028050827607512475,0.007076523497377075,0.028050827607512475
sleep_hours,app_opens_per_day,0.02795414887368679,0.0024759958509168504,0.02795414887368679
weekend_screen_time,ambiguous_zone,0.027850887179374693,0.006494249966624946,0.027850887179374693
notifications_per_day,screen_minus_social,0.027303122729063035,0.004414847396109322,0.027303122729063035
screen_abs_dist_to_6,screen_near_threshold,0.026889680325984953,0.0021138044354721366,0.026889680325984953
ambiguous_zone,social_near_threshold,0.026877515017986298,0.0019353763427042948,0.026877515017986298
daily_screen_time_hours,screen_mid_band,-0.02636987008154392,0.007373530154265318,0.02636987008154392
clear_negative_zone,social_abs_dist_to_4,-0.025942081585526466,0.00265657225075841,0.025942081585526466
screen_le_6,social_near_threshold,-0.025510288402438165,0.015757918307775225,0.025510288402438165
screen_x_social,screen_mid_band,-0.02544469814747572,0.01355444228814872,0.02544469814747572
screen_abs_dist_to_8,social_abs_dist_to_4,0.025291990116238595,0.0038234062287631904,0.025291990116238595
ambiguous_zone,screen_x_social,0.025119877234101296,0.006853260294020017,0.025119877234101296
clear_negative_zone,screen_abs_dist_to_8,-0.02499571591615677,0.004991770831971404,0.02499571591615677
screen_over_social,social_over_screen,0.024406863562762737,0.006969004592324235,0.024406863562762737
screen_abs_dist_to_6,social_abs_dist_to_4,-0.02379743047058582,0.00255135730371258,0.02379743047058582
social_abs_dist_to_4,screen_near_threshold,-0.023096371442079544,0.004070520197983642,0.023096371442079544
screen_dist_to_6,screen_mid_band,-0.02303726738318801,0.012154963295787746,0.02303726738318801
screen_dist_to_6,social_abs_dist_to_4,-0.02149729188531637,0.005411378784547128,0.02149729188531637
weekend_screen_time,screen_over_social,0.021356672048568726,0.0008985567251335524,0.021356672048568726
clear_positive_zone,screen_abs_dist_to_6,0.0212808046489954,0.00584027231583266,0.0212808046489954
screen_x_social,screen_plus_social,0.021257020393386485,0.010017176037147897,0.021257020393386485
daily_screen_time_hours,social_abs_dist_to_4,-0.020665837824344634,0.006718417214493244,0.020665837824344634
social_gt_4,social_dist_to_4,0.02056063562631607,0.004034593057694167,0.02056063562631607
social_le_4,screen_over_social,-0.02011862490326166,0.003965081302417107,0.02011862490326166
min_abs_threshold_distance,region_code,-0.019948448240756988,0.0017846089663170839,0.019948448240756988
clear_positive_zone,screen_over_social,-0.019819228164851665,0.003265753292343541,0.019819228164851665
screen_x_social,screen_near_threshold,-0.01978121269494295,0.0033266012672313063,0.01978121269494295
screen_over_social,region_code,-0.01958054378628731,0.0018177987872300715,0.01958054378628731
social_media_hours,social_gt_4,0.019092700071632863,0.0048803027090778784,0.019092700071632863
screen_dist_to_8,screen_mid_band,-0.01881048157811165,0.010433587897089789,0.01881048157811165
weekend_screen_time,region_code,-0.018745743692852555,0.011452081340942158,0.018745743692852555
screen_minus_social,screen_mid_band,0.01856441469863057,0.01583618189289566,0.01856441469863057
daily_screen_time_hours,min_abs_threshold_distance,-0.018456374295055866,0.003799847588564512,0.018456374295055866
social_gt_4,screen_over_social,0.018341821804642677,0.003353480315962367,0.018341821804642677
social_le_4,screen_mid_band,0.018141508102416992,0.008125920276731782,0.018141508102416992
screen_abs_dist_to_6,screen_minus_social,-0.017934582382440566,0.005648517581690247,0.017934582382440566
social_dist_to_4,screen_near_threshold,0.017852728255093098,0.004259115675009024,0.017852728255093098
gaming_hours,app_opens_per_day,0.01782163344323635,0.0044227156712077186,0.01782163344323635
social_over_screen,screen_near_threshold,-0.017798290587961674,0.005073226881600086,0.017798290587961674
screen_plus_social,screen_near_threshold,-0.017786802351474763,0.0018064693807621184,0.017786802351474763
screen_minus_social,screen_over_social,0.017173008434474467,0.007932435877589936,0.017173008434474467
ambiguous_zone,social_abs_dist_to_4,0.016929716058075427,0.00459919730151179,0.016929716058075427
clear_positive_zone,min_abs_threshold_distance,0.01676084492355585,0.003692594306338221,0.01676084492355585
screen_dist_to_6,min_abs_threshold_distance,-0.016502679139375687,0.0024166067486645496,0.016502679139375687
clear_positive_zone,social_abs_dist_to_4,-0.01640497613698244,0.008248520683720234,0.01640497613698244
screen_gt_8,social_abs_dist_to_4,-0.016393146105110647,0.005110384924693708,0.016393146105110647
social_dist_to_4,screen_over_social,-0.01633091103285551,0.0037326388619809874,0.01633091103285551
clear_positive_zone,screen_plus_social,0.016263218224048616,0.0051210533566137285,0.016263218224048616
notifications_per_day,social_dist_to_4,-0.016092483885586262,0.004617507570965352,0.016092483885586262
daily_screen_time_hours,screen_over_social,-0.0160470275208354,0.002923107162704301,0.0160470275208354
screen_le_6,screen_near_threshold,-0.015927062556147575,0.004286440047292428,0.015927062556147575
screen_dist_to_6,screen_over_social,-0.015909782983362673,0.0021471734652137716,0.015909782983362673
screen_dist_to_8,screen_over_social,-0.01561617460101843,0.00335527458651682,0.01561617460101843
social_gt_4,screen_mid_band,-0.015580708533525467,0.008880141353042471,0.015580708533525467
work_study_hours,social_gt_4,-0.015087484358809888,0.010647141425054322,0.015087484358809888
screen_abs_dist_to_8,screen_over_social,0.015082171186804771,0.004252562481474163,0.015082171186804771
notifications_per_day,social_over_screen,0.014890246093273163,0.002796717671493424,0.014890246093273163
gaming_hours,screen_dist_to_6,0.014837099611759186,0.0055146502482039785,0.014837099611759186
social_media_hours,screen_near_threshold,0.014751403778791427,0.0051841386476133644,0.014751403778791427
social_gt_4,screen_near_threshold,-0.014519516751170159,0.002889336281804035,0.014519516751170159
social_le_4,screen_near_threshold,0.014380574598908425,0.0028520630111921437,0.014380574598908425
social_near_threshold,screen_near_threshold,-0.014341740310192109,0.003973317470781381,0.014341740310192109
notifications_per_day,app_opens_per_day,-0.01422227043658495,0.001751444560360982,0.01422227043658495
notifications_per_day,social_abs_dist_to_4,0.01414577942341566,0.002848819338555408,0.01414577942341566
app_opens_per_day,screen_le_6,-0.013914124853909016,0.003967644223371862,0.013914124853909016
daily_screen_time_hours,gaming_hours,0.013727403804659843,0.003941828486273509,0.013727403804659843
clear_negative_zone,screen_plus_social,-0.013699756748974324,0.003113373003161528,0.013699756748974324
social_media_hours,screen_over_social,-0.013651135843247175,0.005199227704355673,0.013651135843247175
app_opens_per_day,screen_x_social,-0.013607987575232983,0.0011222836287372042,0.013607987575232983
notifications_per_day,min_abs_threshold_distance,-0.01333150900900364,0.0021189221873452856,0.01333150900900364
sleep_hours,weekend_screen_time,-0.013276997534558178,0.007218301720917709,0.013276997534558178
social_media_hours,screen_plus_social,-0.013239014334976673,0.004882097809602246,0.013239014334976673
weekend_screen_time,social_gt_4,0.01302246053237468,0.01206339771288427,0.01302246053237468
sleep_hours,screen_abs_dist_to_6,-0.01300621060654521,0.0032582738171810493,0.01300621060654521
social_abs_dist_to_4,screen_over_social,0.012973692454397678,0.0034940291079149947,0.012973692454397678
screen_dist_to_6,screen_minus_social,-0.012918087281286716,0.003879143461738366,0.012918087281286716
screen_gt_8,screen_plus_social,-0.012850943114608526,0.005937507212274487,0.012850943114608526
screen_mid_band,screen_near_threshold,0.012816007994115353,0.003164595509399217,0.012816007994115353
screen_abs_dist_to_8,screen_near_threshold,-0.012638077326118945,0.004166238173135797,0.012638077326118945
social_le_4,social_dist_to_4,-0.011884953081607818,0.004052806424647749,0.011884953081607818
gaming_hours,screen_over_social,0.011868218192830682,0.005874251002031044,0.011868218192830682
social_media_hours,notifications_per_day,-0.011507723759859801,0.0034013998112890705,0.011507723759859801
social_media_hours,work_study_hours,0.011488860845565796,0.007927109973329582,0.011488860845565796
sleep_hours,social_dist_to_4,-0.011472646892070771,0.003110375844817844,0.011472646892070771
daily_screen_time_hours,social_near_threshold,0.011450497806072235,0.004387752818801828,0.011450497806072235
screen_dist_to_6,social_near_threshold,0.01127077555283904,0.004281106239173217,0.01127077555283904
social_media_hours,screen_abs_dist_to_6,0.011169001366943121,0.0030099935409363793,0.011169001366943121
notifications_per_day,social_near_threshold,0.011110709421336651,0.0030391516706431347,0.011110709421336651
app_opens_per_day,screen_minus_social,-0.011059717833995819,0.006313489534365273,0.011059717833995819
social_dist_to_4,screen_abs_dist_to_6,0.010796565935015679,0.0027005353597791075,0.010796565935015679
social_abs_dist_to_4,region_code,-0.010559693537652492,0.0069177995475712675,0.010559693537652492
screen_dist_to_6,screen_plus_social,0.0102778690867126,0.005544986084031401,0.0102778690867126
app_opens_per_day,screen_abs_dist_to_8,0.010252560023218393,0.005755923719025723,0.010252560023218393
app_opens_per_day,weekend_screen_time,0.010211710259318352,0.0055713208523537365,0.010211710259318352
social_gt_4,social_near_threshold,-0.01017777482047677,0.0023985725718702238,0.01017777482047677
sleep_hours,screen_x_social,-0.009990984573960304,0.0021656203599589117,0.009990984573960304
notifications_per_day,screen_near_threshold,-0.009943759627640247,0.002584282268623018,0.009943759627640247
screen_gt_8,screen_le_6,0.009807021357119083,0.026206509073795382,0.009807021357119083
ambiguous_zone,screen_over_social,0.009751332644373178,0.003679060606379394,0.009751332644373178
work_study_hours,social_le_4,0.009651249647140503,0.010657214051794053,0.009651249647140503
screen_dist_to_8,social_near_threshold,0.009543683892115951,0.0047445469131695605,0.009543683892115951
gaming_hours,social_le_4,-0.009471706161275507,0.0036690539132642266,0.009471706161275507
daily_screen_time_hours,screen_plus_social,0.009441720508038997,0.0037865715022205758,0.009441720508038997
screen_plus_social,screen_mid_band,0.009323287475854158,0.006533902111939479,0.009323287475854158
screen_le_6,screen_over_social,-0.009220461919903755,0.003581273775445006,0.009220461919903755
screen_abs_dist_to_8,screen_plus_social,0.009065554616972804,0.006728730359982748,0.009065554616972804
screen_plus_social,social_over_screen,-0.008997702086344362,0.005635112176146832,0.008997702086344362
social_media_hours,social_le_4,-0.008951886929571629,0.005249023280363195,0.008951886929571629
screen_over_social,min_abs_threshold_distance,0.008833914715796708,0.005629662234236953,0.008833914715796708
app_opens_per_day,screen_dist_to_6,0.008798870630562306,0.0039383877617215355,0.008798870630562306
age,screen_minus_social,-0.008724076091311872,0.003786884273664495,0.008724076091311872
clear_negative_zone,screen_over_social,0.008336291555315256,0.001238752528667099,0.008336291555315256
age,gaming_hours,-0.008328312169760465,0.0016274006468622517,0.008328312169760465
screen_plus_social,social_near_threshold,0.008222734183073043,0.001360029286018498,0.008222734183073043
screen_abs_dist_to_8,social_near_threshold,-0.008221693569794297,0.00800534001120218,0.008221693569794297
screen_over_social,screen_mid_band,-0.008114048838615417,0.0031183268933150233,0.008114048838615417
social_le_4,screen_abs_dist_to_8,-0.008051284728571773,0.006341321801132244,0.008051284728571773
notifications_per_day,screen_le_6,0.007911172928288579,0.0059826255751858235,0.007911172928288579
screen_abs_dist_to_6,screen_over_social,0.007910039648413658,0.0031721471201369474,0.007910039648413658
sleep_hours,screen_near_threshold,-0.0077232450246810915,0.001471702054125498,0.0077232450246810915
daily_screen_time_hours,screen_minus_social,-0.007695364113897085,0.008948977136277306,0.007695364113897085
app_opens_per_day,social_over_screen,-0.0076146569103002545,0.0027747601294332365,0.0076146569103002545
sleep_hours,screen_dist_to_8,0.007491979002952576,0.002099411736130676,0.007491979002952576
gaming_hours,sleep_hours,0.007442885916680098,0.0033846286320285746,0.007442885916680098
social_gt_4,screen_abs_dist_to_8,0.007349248230457306,0.0064015588824473755,0.007349248230457306
screen_x_social,screen_over_social,-0.007285083364695311,0.0020597047186507737,0.007285083364695311
social_media_hours,sleep_hours,-0.007269656844437122,0.0008405074322362668,0.007269656844437122
screen_abs_dist_to_8,min_abs_threshold_distance,0.007209737738594413,0.005529987863789036,0.007209737738594413
notifications_per_day,social_le_4,-0.007144306972622872,0.0026750477590524176,0.007144306972622872
screen_gt_8,screen_near_threshold,0.00702437567524612,0.004005670326554852,0.00702437567524612
sleep_hours,screen_gt_8,-0.006993740797042847,0.0020706383753380667,0.006993740797042847
app_opens_per_day,social_near_threshold,-0.006980338273569942,0.0032749916107924124,0.006980338273569942
app_opens_per_day,social_abs_dist_to_4,-0.006906480388715863,0.005499768436800629,0.006906480388715863
screen_over_social,social_near_threshold,-0.006872065924108028,0.0030992241027482706,0.006872065924108028
app_opens_per_day,screen_dist_to_8,0.0067642512265592815,0.0031882903971469983,0.0067642512265592815
work_study_hours,screen_over_social,0.006703910697251558,0.004231575043575988,0.006703910697251558
notifications_per_day,social_gt_4,0.006609401246532798,0.0028105322798470055,0.006609401246532798
social_le_4,social_near_threshold,0.0065066040027886626,0.0027257344566827125,0.0065066040027886626
notifications_per_day,screen_gt_8,-0.006445249915122986,0.0018827817395247438,0.006445249915122986
age,min_abs_threshold_distance,0.006351190712302923,0.002404890001235201,0.006351190712302923
notifications_per_day,screen_mid_band,-0.006168001983314753,0.003966149875548313,0.006168001983314753
app_opens_per_day,screen_abs_dist_to_6,-0.0060843673534691336,0.0061599067994845495,0.0060843673534691336
age,social_le_4,0.006011765147559345,0.0035668105424385517,0.006011765147559345
sleep_hours,screen_dist_to_6,0.005827416758984327,0.0020720042370217574,0.005827416758984327
sleep_hours,screen_le_6,-0.005656945635564625,0.004766669317227145,0.005656945635564625
daily_screen_time_hours,app_opens_per_day,0.0054511682130396364,0.0011950633904115608,0.0054511682130396364
age,social_media_hours,0.005091920279664919,0.003084618692194858,0.005091920279664919
age,app_opens_per_day,-0.005090196407400072,0.0029624999401699453,0.005090196407400072
gaming_hours,social_dist_to_4,0.005070231528952718,0.009517542853728895,0.005070231528952718
age,social_over_screen,-0.00505546540953219,0.0023253973429348826,0.00505546540953219
screen_over_social,screen_near_threshold,0.004913614387623966,0.00251461810233124,0.004913614387623966
app_opens_per_day,region_code,0.00461548832245171,0.0026340471925238086,0.00461548832245171
age,social_gt_4,-0.0045860600715968754,0.003572134664550442,0.0045860600715968754
notifications_per_day,screen_plus_social,0.004571965127252042,0.002135729467806507,0.004571965127252042
notifications_per_day,screen_abs_dist_to_6,-0.004561429517343641,0.003375887872651452,0.004561429517343641
age,screen_abs_dist_to_8,-0.004378696862841025,0.00460479214084949,0.004378696862841025
age,screen_mid_band,0.00431929430924356,0.003176726809765225,0.00431929430924356
age,clear_positive_zone,0.004197461809962988,0.0012666676300388767,0.004197461809962988
app_opens_per_day,screen_mid_band,-0.0041460852924501525,0.0027641651935771615,0.0041460852924501525
clear_negative_zone,social_near_threshold,-0.00412698338041082,0.0063627471461428125,0.00412698338041082
work_study_hours,screen_near_threshold,0.004086463479325175,0.0067299906519114544,0.004086463479325175
app_opens_per_day,screen_plus_social,0.003977221873356029,0.003021708573421237,0.003977221873356029
sleep_hours,social_le_4,0.003910919156624004,0.0030200933742008476,0.003910919156624004
notifications_per_day,screen_x_social,-0.0039022604993078857,0.0037088924507092482,0.0039022604993078857
gaming_hours,screen_near_threshold,0.0037377241998910902,0.004897892644287529,0.0037377241998910902
work_study_hours,min_abs_threshold_distance,0.003661919169826433,0.00818646351899615,0.003661919169826433
age,ambiguous_zone,-0.003591668605804443,0.0011712095250373169,0.003591668605804443
screen_plus_social,screen_over_social,-0.0035908606369048357,0.003438898285350831,0.0035908606369048357
app_opens_per_day,social_le_4,-0.003513033897615969,0.0028191700931157423,0.003513033897615969
gaming_hours,screen_plus_social,-0.003461047413293272,0.006031181630591199,0.003461047413293272
notifications_per_day,weekend_screen_time,-0.00342146921902895,0.004003677664604247,0.00342146921902895
age,screen_plus_social,-0.003409712156280875,0.0022030435160236422,0.003409712156280875
app_opens_per_day,clear_negative_zone,-0.003387979371473193,0.0018391935237414335,0.003387979371473193
notifications_per_day,screen_abs_dist_to_8,0.003381267940858379,0.004661097969941384,0.003381267940858379
sleep_hours,social_over_screen,0.0033719006925821303,0.002998700107617056,0.0033719006925821303
sleep_hours,social_gt_4,-0.00335685252211988,0.002978521747409599,0.00335685252211988
gaming_hours,min_abs_threshold_distance,0.0033542940393090246,0.006409669641617662,0.0033542940393090246
gaming_hours,screen_dist_to_8,0.0032635749346809463,0.00567725344298675,0.0032635749346809463
age,social_abs_dist_to_4,-0.003195168188540265,0.002751664297788829,0.003195168188540265
notifications_per_day,region_code,-0.003182642045430839,0.0015468093194704797,0.003182642045430839
sleep_hours,screen_mid_band,-0.0031650150776840746,0.0030517832690385113,0.0031650150776840746
app_opens_per_day,social_gt_4,0.0031143643893301485,0.0026324393802726505,0.0031143643893301485
screen_gt_8,screen_over_social,-0.0030784350354224445,0.004558012399459238,0.0030784350354224445
clear_positive_zone,screen_near_threshold,-0.003069584956392646,0.0013213165784423525,0.003069584956392646
age,weekend_screen_time,-0.0029510941822081804,0.0074887302801432305,0.0029510941822081804
age,social_dist_to_4,0.002933311992092058,0.0031543460910073975,0.002933311992092058
daily_screen_time_hours,sleep_hours,0.0028965271543711425,0.0013848550034614476,0.0028965271543711425
sleep_hours,notifications_per_day,-0.002884706133045256,0.00265084156173528,0.002884706133045256
app_opens_per_day,ambiguous_zone,0.002851165272295475,0.0021890853820614137,0.002851165272295475
sleep_hours,min_abs_threshold_distance,-0.0028479301501647568,0.0021961791091676523,0.0028479301501647568
social_abs_dist_to_4,social_near_threshold,0.0028425294905900953,0.004290482311392562,0.0028425294905900953
gaming_hours,social_gt_4,0.002819350454956293,0.004536473139208553,0.002819350454956293
screen_near_threshold,region_code,-0.0028084162157028915,0.0018260194663103106,0.0028084162157028915
work_study_hours,notifications_per_day,0.002763691544532776,0.004407618843864969,0.002763691544532776
notifications_per_day,screen_over_social,0.0027200708573218435,0.0025801925224155204,0.0027200708573218435
sleep_hours,screen_abs_dist_to_8,0.0025745410472154616,0.0017849646017065552,0.0025745410472154616
sleep_hours,social_abs_dist_to_4,-0.0025683136656880377,0.001882072324486209,0.0025683136656880377
notifications_per_day,screen_dist_to_8,0.002559174265479669,0.0028533715705195443,0.002559174265479669
work_study_hours,app_opens_per_day,-0.0024725411320105197,0.004725229947587671,0.0024725411320105197
app_opens_per_day,screen_near_threshold,-0.0024642743985168634,0.003261542403182422,0.0024642743985168634
screen_dist_to_8,min_abs_threshold_distance,-0.0024473072960972788,0.0034695821190194355,0.0024473072960972788
screen_le_6,screen_x_social,-0.0023485229350626467,0.01614198867441227,0.0023485229350626467
sleep_hours,social_near_threshold,0.002288089320063591,0.0016361788830861854,0.002288089320063591
daily_screen_time_hours,screen_near_threshold,0.002241849433630705,0.003997064028365909,0.002241849433630705
sleep_hours,screen_over_social,-0.002233845298178494,0.001278616255227562,0.002233845298178494
app_opens_per_day,screen_over_social,-0.0022099282883573323,0.003711760740054323,0.0022099282883573323
ambiguous_zone,screen_plus_social,0.0021833735983818768,0.0038747636813183653,0.0021833735983818768
sleep_hours,clear_negative_zone,-0.00211714246252086,0.0018516235092602437,0.00211714246252086
age,screen_x_social,0.00191414849832654,0.0050047581240834395,0.00191414849832654
screen_dist_to_8,screen_plus_social,0.0018513754941523076,0.004037226183560685,0.0018513754941523076
age,screen_dist_to_8,0.0018423021421767772,0.0016297855424208633,0.0018423021421767772
social_media_hours,gaming_hours,0.0017279413877986372,0.012136989516638183,0.0017279413877986372
social_dist_to_4,screen_plus_social,-0.001703147031366825,0.0071498127437362915,0.001703147031366825
age,screen_near_threshold,0.0016752846742747352,0.0009564850035460845,0.0016752846742747352
clear_negative_zone,screen_near_threshold,0.00165764916309854,0.0020113327734993924,0.00165764916309854
age,screen_abs_dist_to_6,0.0014328861143440008,0.0025815172708821715,0.0014328861143440008
age,screen_gt_8,0.0013655631206347606,0.0013591000322204698,0.0013655631206347606
weekend_screen_time,social_abs_dist_to_4,-0.001301517360843718,0.008399039481355187,0.001301517360843718
app_opens_per_day,screen_gt_8,-0.0012938819476403297,0.0011576854414261759,0.0012938819476403297
age,screen_over_social,-0.0012668414805375506,0.0017883569119767186,0.0012668414805375506
sleep_hours,ambiguous_zone,0.001255793560994789,0.0010203691449858323,0.001255793560994789
age,sleep_hours,-0.001172749768011272,0.0013988873081832638,0.001172749768011272
notifications_per_day,screen_dist_to_6,0.0011531096883118153,0.0027928671040907053,0.0011531096883118153
ambiguous_zone,screen_near_threshold,-0.0009946710313670337,0.0015383010218408006,0.0009946710313670337
sleep_hours,clear_positive_zone,0.0009534605080261827,0.0015163591721944084,0.0009534605080261827
age,region_code,0.0009204247675370425,0.0007198998641105272,0.0009204247675370425
age,social_near_threshold,-0.0008751258486881852,0.0024393687579351664,0.0008751258486881852
age,work_study_hours,0.0008746162988245487,0.0033882599399975492,0.0008746162988245487
sleep_hours,screen_plus_social,0.0008624645881354809,0.0019328657325688326,0.0008624645881354809
app_opens_per_day,min_abs_threshold_distance,-0.0008349488722160459,0.0029545352000378846,0.0008349488722160459
notifications_per_day,clear_positive_zone,0.0008316314895637333,0.0036958799658339363,0.0008316314895637333
age,notifications_per_day,0.0008060960622970015,0.001931272158207003,0.0008060960622970015
social_media_hours,app_opens_per_day,0.0007773966586682946,0.0013960484979206292,0.0007773966586682946
screen_dist_to_8,screen_near_threshold,0.0007629189756698906,0.0032235356590881053,0.0007629189756698906
app_opens_per_day,social_dist_to_4,0.0007406620250549167,0.002195470327040418,0.0007406620250549167
daily_screen_time_hours,notifications_per_day,-0.0005825652391649782,0.0009341542152751446,0.0005825652391649782
age,screen_le_6,0.0005761228560004384,0.004126688525465647,0.0005761228560004384
age,screen_dist_to_6,0.0004254091014445294,0.001690881647908973,0.0004254091014445294
age,daily_screen_time_hours,-0.00035424495581537485,0.001162912125587206,0.00035424495581537485
notifications_per_day,clear_negative_zone,0.00031238761730492117,0.002103923467094119,0.00031238761730492117
work_study_hours,social_dist_to_4,-0.00023104953579604625,0.011865066303372395,0.00023104953579604625
work_study_hours,sleep_hours,-0.00022499724291265012,0.003948487587176288,0.00022499724291265012
sleep_hours,region_code,-0.00022187764989212155,0.0014160273112564005,0.00022187764989212155
app_opens_per_day,clear_positive_zone,-0.00019341659499332308,0.0029628351339943074,0.00019341659499332308
sleep_hours,screen_minus_social,0.00017129263142123818,0.001776251248624373,0.00017129263142123818
screen_dist_to_6,screen_near_threshold,0.0001306134043261409,0.0033992347248653527,0.0001306134043261409
gaming_hours,notifications_per_day,-0.00012687749695032834,0.003969334421691519,0.00012687749695032834
notifications_per_day,ambiguous_zone,2.852580219041556e-05,0.0013407790028418026,2.852580219041556e-05
age,clear_negative_zone,2.1586329967249186e-05,0.001376190299027926,2.1586329967249186e-05
