encoding,feature,granularity,smoothing,auc,orientation,fold_std,coverage,unseen_rate
count,daily_screen_time_hours,exact,,0.5521183739294587,1,0.001567476044062249,0.999927679719513,7.232028048697583e-05
TE,daily_screen_time_hours,exact,1.0,0.8777610741228175,1,0.0001479377887773493,0.999927679719513,7.232028048697583e-05
TE,daily_screen_time_hours,exact,5.0,0.877578159745074,1,0.00012380534791904568,0.999927679719513,7.232028048697583e-05
TE,daily_screen_time_hours,exact,10.0,0.8773125270297484,1,0.00010958433181413364,0.999927679719513,7.232028048697583e-05
TE,daily_screen_time_hours,exact,20.0,0.8767728956656247,1,9.76388078976098e-05,0.999927679719513,7.232028048697583e-05
TE,daily_screen_time_hours,exact,50.0,0.8752607643972922,1,0.00015457071540715667,0.999927679719513,7.232028048697583e-05
TE,daily_screen_time_hours,exact,100.0,0.8732020751145038,1,0.00020916189365968797,0.999927679719513,7.232028048697583e-05
TE,daily_screen_time_hours,exact,200.0,0.8701586845883271,1,0.00023722973934699854,0.999927679719513,7.232028048697583e-05
count,daily_screen_time_hours,round_0.1,,0.5756017064525673,1,0.003044021085963883,1.0,0.0
TE,daily_screen_time_hours,round_0.1,1.0,0.8680793648058356,1,0.0003036095165892586,1.0,0.0
TE,daily_screen_time_hours,round_0.1,5.0,0.8680645286442106,1,0.0002957420595405049,1.0,0.0
TE,daily_screen_time_hours,round_0.1,10.0,0.8680430330705703,1,0.00028473537921311934,1.0,0.0
TE,daily_screen_time_hours,round_0.1,20.0,0.8679920597161114,1,0.00027920803121340293,1.0,0.0
TE,daily_screen_time_hours,round_0.1,50.0,0.8678219670536618,1,0.00024889854165623815,1.0,0.0
TE,daily_screen_time_hours,round_0.1,100.0,0.8675133051634858,1,0.00021738703248476795,1.0,0.0
TE,daily_screen_time_hours,round_0.1,200.0,0.8669426989379619,1,0.00023370192617717483,1.0,0.0
count,daily_screen_time_hours,round_0.25,,0.5957674922658851,1,0.0016412300434976725,1.0,0.0
TE,daily_screen_time_hours,round_0.25,1.0,0.8669721265075712,1,0.0004354066370073153,1.0,0.0
TE,daily_screen_time_hours,round_0.25,5.0,0.8669673934096699,1,0.0004338101212089753,1.0,0.0
TE,daily_screen_time_hours,round_0.25,10.0,0.8669605348375177,1,0.00043161283894139254,1.0,0.0
TE,daily_screen_time_hours,round_0.25,20.0,0.8669414220204686,1,0.00042034179100164246,1.0,0.0
TE,daily_screen_time_hours,round_0.25,50.0,0.8668830557187112,1,0.00040428466698052114,1.0,0.0
TE,daily_screen_time_hours,round_0.25,100.0,0.8667555561775825,1,0.00037360710114427343,1.0,0.0
TE,daily_screen_time_hours,round_0.25,200.0,0.8665247854172246,1,0.00037844560485735305,1.0,0.0
count,daily_screen_time_hours,round_0.5,,0.6037787147646541,1,0.0034646755008428116,1.0,0.0
TE,daily_screen_time_hours,round_0.5,1.0,0.8657049965262453,1,0.0005013803263096567,1.0,0.0
TE,daily_screen_time_hours,round_0.5,5.0,0.8657010220210257,1,0.000501060140465814,1.0,0.0
TE,daily_screen_time_hours,round_0.5,10.0,0.8656958062967319,1,0.0004988090629505243,1.0,0.0
TE,daily_screen_time_hours,round_0.5,20.0,0.865688582093604,1,0.0004972822450613696,1.0,0.0
TE,daily_screen_time_hours,round_0.5,50.0,0.8656548513751171,1,0.0004898161313759594,1.0,0.0
TE,daily_screen_time_hours,round_0.5,100.0,0.8656025944607725,1,0.0004825616412589595,1.0,0.0
TE,daily_screen_time_hours,round_0.5,200.0,0.8654757834551285,1,0.00045913315363263637,1.0,0.0
count,daily_screen_time_hours,round_1.0,,0.6629605247183477,1,0.0015687771384524105,1.0,0.0
TE,daily_screen_time_hours,round_1.0,1.0,0.8638220529777021,1,0.0004964098338254802,1.0,0.0
TE,daily_screen_time_hours,round_1.0,5.0,0.8638209838316065,1,0.0004963494040405794,1.0,0.0
TE,daily_screen_time_hours,round_1.0,10.0,0.8638176638024839,1,0.000497140645185919,1.0,0.0
TE,daily_screen_time_hours,round_1.0,20.0,0.8638117486428897,1,0.000491615407237865,1.0,0.0
TE,daily_screen_time_hours,round_1.0,50.0,0.8638014245585038,1,0.00048958921366332,1.0,0.0
TE,daily_screen_time_hours,round_1.0,100.0,0.8637352542930193,1,0.0004893792837848404,1.0,0.0
TE,daily_screen_time_hours,round_1.0,200.0,0.8636583494849043,1,0.0004725263853558789,1.0,0.0
count,social_media_hours,exact,,0.5311284707245705,-1,0.0015924929940338115,0.9999638398597566,3.616014024348792e-05
TE,social_media_hours,exact,1.0,0.824098993244258,1,0.0013142546328296617,0.9999638398597566,3.616014024348792e-05
TE,social_media_hours,exact,5.0,0.8240151435281117,1,0.0013232375372800329,0.9999638398597566,3.616014024348792e-05
TE,social_media_hours,exact,10.0,0.8239049021404768,1,0.0013290892136010716,0.9999638398597566,3.616014024348792e-05
TE,social_media_hours,exact,20.0,0.8236918480565951,1,0.001338241253566486,0.9999638398597566,3.616014024348792e-05
TE,social_media_hours,exact,50.0,0.8230632020163509,1,0.0013534425575830742,0.9999638398597566,3.616014024348792e-05
TE,social_media_hours,exact,100.0,0.8220387869283388,1,0.0013500447331852054,0.9999638398597566,3.616014024348792e-05
TE,social_media_hours,exact,200.0,0.8202177898093086,1,0.001356172671710537,0.9999638398597566,3.616014024348792e-05
count,social_media_hours,round_0.1,,0.5562362234198568,-1,0.0016706076976709544,0.9999971071887805,2.8928112194790338e-06
TE,social_media_hours,round_0.1,1.0,0.8191272204756993,1,0.0012007605124019006,0.9999971071887805,2.8928112194790338e-06
TE,social_media_hours,round_0.1,5.0,0.8191193060219387,1,0.001200827272999931,0.9999971071887805,2.8928112194790338e-06
TE,social_media_hours,round_0.1,10.0,0.81910917218704,1,0.001202276791587483,0.9999971071887805,2.8928112194790338e-06
TE,social_media_hours,round_0.1,20.0,0.8190887891354856,1,0.0012037778257001793,0.9999971071887805,2.8928112194790338e-06
TE,social_media_hours,round_0.1,50.0,0.8190321348152423,1,0.0012078942678422995,0.9999971071887805,2.8928112194790338e-06
TE,social_media_hours,round_0.1,100.0,0.8189190942046797,1,0.001209132729463425,0.9999971071887805,2.8928112194790338e-06
TE,social_media_hours,round_0.1,200.0,0.8187071167262646,1,0.0012129885997269226,0.9999971071887805,2.8928112194790338e-06
count,social_media_hours,round_0.25,,0.5643477284266005,-1,0.0021650104585489664,1.0,0.0
TE,social_media_hours,round_0.25,1.0,0.8179989124324035,1,0.0011859038697890577,1.0,0.0
TE,social_media_hours,round_0.25,5.0,0.8179953428238835,1,0.00118607411450916,1.0,0.0
TE,social_media_hours,round_0.25,10.0,0.8179913791271404,1,0.0011865135330246925,1.0,0.0
TE,social_media_hours,round_0.25,20.0,0.8179828245578409,1,0.0011864873326183827,1.0,0.0
TE,social_media_hours,round_0.25,50.0,0.8179593919935445,1,0.001187698983888771,1.0,0.0
TE,social_media_hours,round_0.25,100.0,0.817909562297703,1,0.0011902475740985616,1.0,0.0
TE,social_media_hours,round_0.25,200.0,0.8178238381075356,1,0.001188160256672686,1.0,0.0
count,social_media_hours,round_0.5,,0.5625743009103449,-1,0.0017146756350527798,1.0,0.0
TE,social_media_hours,round_0.5,1.0,0.8150362340738281,1,0.001161791194048041,1.0,0.0
TE,social_media_hours,round_0.5,5.0,0.81503489552772,1,0.0011613623010088652,1.0,0.0
TE,social_media_hours,round_0.5,10.0,0.815031307560013,1,0.0011628234042704417,1.0,0.0
TE,social_media_hours,round_0.5,20.0,0.8150294722603767,1,0.0011624530631911545,1.0,0.0
TE,social_media_hours,round_0.5,50.0,0.8150144442660512,1,0.0011635153503531505,1.0,0.0
TE,social_media_hours,round_0.5,100.0,0.8149877527785836,1,0.0011659281022135552,1.0,0.0
TE,social_media_hours,round_0.5,200.0,0.8149484877039405,1,0.0011650983455562252,1.0,0.0
count,social_media_hours,round_1.0,,0.5984947293386551,-1,0.0022193759152830217,1.0,0.0
TE,social_media_hours,round_1.0,1.0,0.8017051442291028,1,0.0012953389981530284,1.0,0.0
TE,social_media_hours,round_1.0,5.0,0.8017047711083095,1,0.0012952800562988668,1.0,0.0
TE,social_media_hours,round_1.0,10.0,0.8017020991209421,1,0.0012956224021171334,1.0,0.0
TE,social_media_hours,round_1.0,20.0,0.8017020991209421,1,0.0012956224021171334,1.0,0.0
TE,social_media_hours,round_1.0,50.0,0.8016919276644255,1,0.0012957769571560083,1.0,0.0
TE,social_media_hours,round_1.0,100.0,0.8016919276644255,1,0.0012957769571560083,1.0,0.0
TE,social_media_hours,round_1.0,200.0,0.8016919276644255,1,0.0012957769571560083,1.0,0.0
count,weekend_screen_time,exact,,0.5395190815020503,1,0.0016589870932269522,0.9999349117475618,6.508825243827826e-05
TE,weekend_screen_time,exact,1.0,0.8654470206220578,1,0.0008634126681247748,0.9999349117475618,6.508825243827826e-05
TE,weekend_screen_time,exact,5.0,0.8652615125854192,1,0.0008865578405246057,0.9999349117475618,6.508825243827826e-05
TE,weekend_screen_time,exact,10.0,0.8649892988880388,1,0.0008873041623837479,0.9999349117475618,6.508825243827826e-05
TE,weekend_screen_time,exact,20.0,0.8644449991753858,1,0.0009019994141672737,0.9999349117475618,6.508825243827826e-05
TE,weekend_screen_time,exact,50.0,0.8629335852245472,1,0.000943830708371414,0.9999349117475618,6.508825243827826e-05
TE,weekend_screen_time,exact,100.0,0.8608891389159163,1,0.0009866111973650766,0.9999349117475618,6.508825243827826e-05
TE,weekend_screen_time,exact,200.0,0.8579174628861672,1,0.0010455865155784057,0.9999349117475618,6.508825243827826e-05
count,weekend_screen_time,round_0.1,,0.5580584151495767,1,0.0015157349460401613,0.9999971071887805,2.8928112194790338e-06
TE,weekend_screen_time,round_0.1,1.0,0.8556256479347486,1,0.0007524383556365788,0.9999971071887805,2.8928112194790338e-06
TE,weekend_screen_time,round_0.1,5.0,0.8556092856466643,1,0.0007538627969567399,0.9999971071887805,2.8928112194790338e-06
TE,weekend_screen_time,round_0.1,10.0,0.8555817490885531,1,0.0007537814827564873,0.9999971071887805,2.8928112194790338e-06
TE,weekend_screen_time,round_0.1,20.0,0.8555206015171029,1,0.0007539801828710998,0.9999971071887805,2.8928112194790338e-06
TE,weekend_screen_time,round_0.1,50.0,0.8553706243329801,1,0.0007498779491234653,0.9999971071887805,2.8928112194790338e-06
TE,weekend_screen_time,round_0.1,100.0,0.8550443184520651,1,0.0007368570848859465,0.9999971071887805,2.8928112194790338e-06
TE,weekend_screen_time,round_0.1,200.0,0.8544950914948831,1,0.0007255541524389077,0.9999971071887805,2.8928112194790338e-06
count,weekend_screen_time,round_0.25,,0.5798943623546207,1,0.0012180780059786156,1.0,0.0
TE,weekend_screen_time,round_0.25,1.0,0.8544464298756822,1,0.0007913853990891137,1.0,0.0
TE,weekend_screen_time,round_0.25,5.0,0.8544384753950371,1,0.0007922192972740183,1.0,0.0
TE,weekend_screen_time,round_0.25,10.0,0.8544265775761506,1,0.0007933839954434986,1.0,0.0
TE,weekend_screen_time,round_0.25,20.0,0.8544103767149485,1,0.0007898321366151374,1.0,0.0
TE,weekend_screen_time,round_0.25,50.0,0.8543357571841588,1,0.0007906966986598731,1.0,0.0
TE,weekend_screen_time,round_0.25,100.0,0.8542212025039164,1,0.0007759878884297226,1.0,0.0
TE,weekend_screen_time,round_0.25,200.0,0.8539340076184964,1,0.0007745124270643555,1.0,0.0
count,weekend_screen_time,round_0.5,,0.6068086525279546,1,0.0025944627495770207,1.0,0.0
TE,weekend_screen_time,round_0.5,1.0,0.8519187275528357,1,0.000850271152619606,1.0,0.0
TE,weekend_screen_time,round_0.5,5.0,0.851917347183505,1,0.0008463271592085316,1.0,0.0
TE,weekend_screen_time,round_0.5,10.0,0.8519140231354558,1,0.0008439413609757136,1.0,0.0
TE,weekend_screen_time,round_0.5,20.0,0.8519054120373158,1,0.0008463805891599743,1.0,0.0
TE,weekend_screen_time,round_0.5,50.0,0.8518818635838222,1,0.0008534689889712181,1.0,0.0
TE,weekend_screen_time,round_0.5,100.0,0.8518153402718794,1,0.0008497500707562657,1.0,0.0
TE,weekend_screen_time,round_0.5,200.0,0.8517223642636873,1,0.0008486582513075452,1.0,0.0
count,weekend_screen_time,round_1.0,,0.614779653183696,1,0.002307221403018234,1.0,0.0
TE,weekend_screen_time,round_1.0,1.0,0.8477978025890542,1,0.0009439928849680842,1.0,0.0
TE,weekend_screen_time,round_1.0,5.0,0.8477945880871998,1,0.0009447660892320303,1.0,0.0
TE,weekend_screen_time,round_1.0,10.0,0.8477905074965277,1,0.0009461707906563737,1.0,0.0
TE,weekend_screen_time,round_1.0,20.0,0.8477850664180328,1,0.000945301072442985,1.0,0.0
TE,weekend_screen_time,round_1.0,50.0,0.8477674020383457,1,0.0009456856351127785,1.0,0.0
TE,weekend_screen_time,round_1.0,100.0,0.8477246896279779,1,0.0009400430309861044,1.0,0.0
TE,weekend_screen_time,round_1.0,200.0,0.8476802900194763,1,0.0009342367919455482,1.0,0.0
count,work_study_hours,exact,,0.5517503247069114,-1,0.0012623927911970068,1.0,0.0
TE,work_study_hours,exact,1.0,0.6675514981945496,1,0.001587187283192039,1.0,0.0
TE,work_study_hours,exact,5.0,0.6675331969469409,1,0.0015897476619440287,1.0,0.0
TE,work_study_hours,exact,10.0,0.6675037681949961,1,0.0015899133725297892,1.0,0.0
TE,work_study_hours,exact,20.0,0.6674316384094932,1,0.0015911773144026244,1.0,0.0
TE,work_study_hours,exact,50.0,0.6671691688024768,1,0.0016047508735361077,1.0,0.0
TE,work_study_hours,exact,100.0,0.6666830097532133,1,0.001614328578581157,1.0,0.0
TE,work_study_hours,exact,200.0,0.6656781919455761,1,0.0016292946864025013,1.0,0.0
count,work_study_hours,round_0.1,,0.596099552686342,-1,0.0013335834103576616,1.0,0.0
TE,work_study_hours,round_0.1,1.0,0.6510685370303003,1,0.001475353002604587,1.0,0.0
TE,work_study_hours,round_0.1,5.0,0.651069082366155,1,0.0014763867106509373,1.0,0.0
TE,work_study_hours,round_0.1,10.0,0.6510691208199748,1,0.0014764577359537394,1.0,0.0
TE,work_study_hours,round_0.1,20.0,0.6510681138657526,1,0.001468988401309086,1.0,0.0
TE,work_study_hours,round_0.1,50.0,0.6510672677396334,1,0.001469033910401011,1.0,0.0
TE,work_study_hours,round_0.1,100.0,0.6510618511299058,1,0.0014708679973917333,1.0,0.0
TE,work_study_hours,round_0.1,200.0,0.6509893445497424,1,0.0014831942790772827,1.0,0.0
count,work_study_hours,round_0.25,,0.6012683593364472,-1,0.0012539110175663344,1.0,0.0
TE,work_study_hours,round_0.25,1.0,0.6489086120689036,1,0.001501995646653713,1.0,0.0
TE,work_study_hours,round_0.25,5.0,0.6489086823595227,1,0.001501995646653713,1.0,0.0
TE,work_study_hours,round_0.25,10.0,0.6489086738345271,1,0.001501995646653713,1.0,0.0
TE,work_study_hours,round_0.25,20.0,0.6489087179006356,1,0.001501750900823705,1.0,0.0
TE,work_study_hours,round_0.25,50.0,0.6489053594988837,1,0.0015062387484998019,1.0,0.0
TE,work_study_hours,round_0.25,100.0,0.6489056334354117,1,0.0015053200200542663,1.0,0.0
TE,work_study_hours,round_0.25,200.0,0.6488979450665665,1,0.0014991979192632574,1.0,0.0
count,work_study_hours,round_0.5,,0.6070805311524095,-1,0.001798184890144864,1.0,0.0
TE,work_study_hours,round_0.5,1.0,0.6475663306173549,1,0.001479094897213101,1.0,0.0
TE,work_study_hours,round_0.5,5.0,0.6475663306173549,1,0.001479094897213101,1.0,0.0
TE,work_study_hours,round_0.5,10.0,0.6475663306173549,1,0.001479094897213101,1.0,0.0
TE,work_study_hours,round_0.5,20.0,0.6475663306173549,1,0.001479094897213101,1.0,0.0
TE,work_study_hours,round_0.5,50.0,0.6475663306173549,1,0.001479094897213101,1.0,0.0
TE,work_study_hours,round_0.5,100.0,0.647566329429945,1,0.001479094897213101,1.0,0.0
TE,work_study_hours,round_0.5,200.0,0.6475642307586862,1,0.001479094897213101,1.0,0.0
count,work_study_hours,round_1.0,,0.600951807283674,-1,0.001525592946750795,1.0,0.0
TE,work_study_hours,round_1.0,1.0,0.6444920545291082,1,0.0013403498284893396,1.0,0.0
TE,work_study_hours,round_1.0,5.0,0.6444920545291082,1,0.0013403498284893396,1.0,0.0
TE,work_study_hours,round_1.0,10.0,0.6444920545291082,1,0.0013403498284893396,1.0,0.0
TE,work_study_hours,round_1.0,20.0,0.6444920545291082,1,0.0013403498284893396,1.0,0.0
TE,work_study_hours,round_1.0,50.0,0.6444920545291082,1,0.0013403498284893396,1.0,0.0
TE,work_study_hours,round_1.0,100.0,0.6444920545291082,1,0.0013403498284893396,1.0,0.0
TE,work_study_hours,round_1.0,200.0,0.6444920545291082,1,0.0013403498284893396,1.0,0.0
count,gaming_hours,exact,,0.544541436266873,-1,0.0018308425565613734,1.0,0.0
TE,gaming_hours,exact,1.0,0.6325100351481787,1,0.0022235592489112045,1.0,0.0
TE,gaming_hours,exact,5.0,0.6325079668319937,1,0.0022206610328052573,1.0,0.0
TE,gaming_hours,exact,10.0,0.6325042913714439,1,0.0022200650994855164,1.0,0.0
TE,gaming_hours,exact,20.0,0.6324880510516906,1,0.0022212403140915277,1.0,0.0
TE,gaming_hours,exact,50.0,0.6324177229631327,1,0.002226505191748942,1.0,0.0
TE,gaming_hours,exact,100.0,0.6322673259838653,1,0.0022218346551303343,1.0,0.0
TE,gaming_hours,exact,200.0,0.6319586382446846,1,0.0022288054273741486,1.0,0.0
count,gaming_hours,round_0.1,,0.5754054932845334,-1,0.0022149384381563325,1.0,0.0
TE,gaming_hours,round_0.1,1.0,0.6188645155889507,1,0.002110255595454197,1.0,0.0
TE,gaming_hours,round_0.1,5.0,0.6188644264418529,1,0.002110255595454197,1.0,0.0
TE,gaming_hours,round_0.1,10.0,0.6188643683399478,1,0.002110202101658334,1.0,0.0
TE,gaming_hours,round_0.1,20.0,0.6188652256297519,1,0.0021099739133282926,1.0,0.0
TE,gaming_hours,round_0.1,50.0,0.6188700056252782,1,0.00210899046103953,1.0,0.0
TE,gaming_hours,round_0.1,100.0,0.6188695184928166,1,0.00210768855861616,1.0,0.0
TE,gaming_hours,round_0.1,200.0,0.6188695973997705,1,0.002106230341308838,1.0,0.0
count,gaming_hours,round_0.25,,0.5771565868394931,-1,0.0022004601171426758,1.0,0.0
TE,gaming_hours,round_0.25,1.0,0.6151122480249684,1,0.001504209845806721,1.0,0.0
TE,gaming_hours,round_0.25,5.0,0.6151122480249684,1,0.001504209845806721,1.0,0.0
TE,gaming_hours,round_0.25,10.0,0.6151122480249684,1,0.001504209845806721,1.0,0.0
TE,gaming_hours,round_0.25,20.0,0.6151122480249684,1,0.001504209845806721,1.0,0.0
TE,gaming_hours,round_0.25,50.0,0.6151122480249684,1,0.001504209845806721,1.0,0.0
TE,gaming_hours,round_0.25,100.0,0.6151122480249684,1,0.001504209845806721,1.0,0.0
TE,gaming_hours,round_0.25,200.0,0.6151098158639975,1,0.001504209845806721,1.0,0.0
count,gaming_hours,round_0.5,,0.5730769503276338,-1,0.0020691588193082282,1.0,0.0
TE,gaming_hours,round_0.5,1.0,0.6148507834946454,1,0.001835711893533191,1.0,0.0
TE,gaming_hours,round_0.5,5.0,0.6148507834946454,1,0.001835711893533191,1.0,0.0
TE,gaming_hours,round_0.5,10.0,0.6148507834946454,1,0.001835711893533191,1.0,0.0
TE,gaming_hours,round_0.5,20.0,0.6148507834946454,1,0.001835711893533191,1.0,0.0
TE,gaming_hours,round_0.5,50.0,0.6148507834946454,1,0.001835711893533191,1.0,0.0
TE,gaming_hours,round_0.5,100.0,0.6148507834946454,1,0.001835711893533191,1.0,0.0
TE,gaming_hours,round_0.5,200.0,0.6148507834946454,1,0.001835711893533191,1.0,0.0
count,gaming_hours,round_1.0,,0.5752966170328743,-1,0.0008941048514437727,1.0,0.0
TE,gaming_hours,round_1.0,1.0,0.6083904549730349,1,0.0015648780628003593,1.0,0.0
TE,gaming_hours,round_1.0,5.0,0.6083904549730349,1,0.0015648780628003593,1.0,0.0
TE,gaming_hours,round_1.0,10.0,0.6083904549730349,1,0.0015648780628003593,1.0,0.0
TE,gaming_hours,round_1.0,20.0,0.6083904549730349,1,0.0015648780628003593,1.0,0.0
TE,gaming_hours,round_1.0,50.0,0.6083904549730349,1,0.0015648780628003593,1.0,0.0
TE,gaming_hours,round_1.0,100.0,0.6083904549730349,1,0.0015648780628003593,1.0,0.0
TE,gaming_hours,round_1.0,200.0,0.6083904549730349,1,0.0015648780628003593,1.0,0.0
count,sleep_hours,exact,,0.509816651159045,1,0.001607364787789626,1.0,0.0
TE,sleep_hours,exact,1.0,0.5913475382206518,1,0.0012321136927930664,1.0,0.0
TE,sleep_hours,exact,5.0,0.5913476815826626,1,0.0012336640109143978,1.0,0.0
TE,sleep_hours,exact,10.0,0.5913470432330155,1,0.0012371542158904944,1.0,0.0
TE,sleep_hours,exact,20.0,0.5913450228902289,1,0.0012308129367859363,1.0,0.0
TE,sleep_hours,exact,50.0,0.5913248707442716,1,0.001226249574076121,1.0,0.0
TE,sleep_hours,exact,100.0,0.5912644576519436,1,0.0012318807445673402,1.0,0.0
TE,sleep_hours,exact,200.0,0.59111123028277,1,0.00121660049911391,1.0,0.0
count,sleep_hours,round_0.1,,0.512249284587259,1,0.0012193013353479396,1.0,0.0
TE,sleep_hours,round_0.1,1.0,0.5523300085964848,1,0.0007437102177767512,1.0,0.0
TE,sleep_hours,round_0.1,5.0,0.5523305849064906,1,0.0007396383705602863,1.0,0.0
TE,sleep_hours,round_0.1,10.0,0.5523305849064906,1,0.0007396383705602863,1.0,0.0
TE,sleep_hours,round_0.1,20.0,0.5523299874260789,1,0.000743119931669941,1.0,0.0
TE,sleep_hours,round_0.1,50.0,0.5523307926525164,1,0.000743119931669941,1.0,0.0
TE,sleep_hours,round_0.1,100.0,0.5523298434348423,1,0.000743119931669941,1.0,0.0
TE,sleep_hours,round_0.1,200.0,0.5523357785875812,1,0.0007575030139651936,1.0,0.0
count,sleep_hours,round_0.25,,0.5166693876017175,1,0.002748833503239904,1.0,0.0
TE,sleep_hours,round_0.25,1.0,0.5434864166727047,1,0.0010430201055305877,1.0,0.0
TE,sleep_hours,round_0.25,5.0,0.5434877545692891,1,0.0010430201055305877,1.0,0.0
TE,sleep_hours,round_0.25,10.0,0.5434877545692891,1,0.0010430201055305877,1.0,0.0
TE,sleep_hours,round_0.25,20.0,0.5434877545692891,1,0.0010430201055305877,1.0,0.0
TE,sleep_hours,round_0.25,50.0,0.5434877545692891,1,0.0010430201055305877,1.0,0.0
TE,sleep_hours,round_0.25,100.0,0.5434899187409314,1,0.0010430201055305877,1.0,0.0
TE,sleep_hours,round_0.25,200.0,0.5434913142624271,1,0.0010463843398506453,1.0,0.0
count,sleep_hours,round_0.5,,0.5097062622788361,1,0.0006110515188677133,1.0,0.0
TE,sleep_hours,round_0.5,1.0,0.535781121605779,1,0.001090248193461167,1.0,0.0
TE,sleep_hours,round_0.5,5.0,0.535781121605779,1,0.001090248193461167,1.0,0.0
TE,sleep_hours,round_0.5,10.0,0.535781121605779,1,0.001090248193461167,1.0,0.0
TE,sleep_hours,round_0.5,20.0,0.535781121605779,1,0.001090248193461167,1.0,0.0
TE,sleep_hours,round_0.5,50.0,0.535781121605779,1,0.001090248193461167,1.0,0.0
TE,sleep_hours,round_0.5,100.0,0.535781121605779,1,0.001090248193461167,1.0,0.0
TE,sleep_hours,round_0.5,200.0,0.5357812238245367,1,0.001090248193461167,1.0,0.0
count,sleep_hours,round_1.0,,0.5031673859337966,-1,0.0006452605372241415,1.0,0.0
TE,sleep_hours,round_1.0,1.0,0.5204571592253724,1,0.0004359980636714319,1.0,0.0
TE,sleep_hours,round_1.0,5.0,0.5204571592253724,1,0.0004359980636714319,1.0,0.0
TE,sleep_hours,round_1.0,10.0,0.5204571592253724,1,0.0004359980636714319,1.0,0.0
TE,sleep_hours,round_1.0,20.0,0.5204598552755548,1,0.0004359980636714319,1.0,0.0
TE,sleep_hours,round_1.0,50.0,0.5204636167472217,1,0.000442616698895939,1.0,0.0
TE,sleep_hours,round_1.0,100.0,0.520463718164224,1,0.000442616698895939,1.0,0.0
TE,sleep_hours,round_1.0,200.0,0.5204642854113475,1,0.0004419201227627464,1.0,0.0
count,notifications_per_day,exact,,0.5292725643266979,1,0.0010604328314047467,1.0,0.0
TE,notifications_per_day,exact,1.0,0.7485750184685684,1,0.0010447776621267744,1.0,0.0
TE,notifications_per_day,exact,5.0,0.7485757986477567,1,0.001038864894315277,1.0,0.0
TE,notifications_per_day,exact,10.0,0.7485731020495388,1,0.001034774869230604,1.0,0.0
TE,notifications_per_day,exact,20.0,0.7485671849819693,1,0.0010293426892729403,1.0,0.0
TE,notifications_per_day,exact,50.0,0.7485535422385494,1,0.001023928914030415,1.0,0.0
TE,notifications_per_day,exact,100.0,0.7484981267727087,1,0.0010198516161194764,1.0,0.0
TE,notifications_per_day,exact,200.0,0.748363279872711,1,0.0010103576055381144,1.0,0.0
count,app_opens_per_day,exact,,0.5413694114262286,1,0.002324882790244085,1.0,0.0
TE,app_opens_per_day,exact,1.0,0.7349450362011166,1,0.0010003329584119178,1.0,0.0
TE,app_opens_per_day,exact,5.0,0.7349476065380592,1,0.000999850276855317,1.0,0.0
TE,app_opens_per_day,exact,10.0,0.7349485614999567,1,0.0009971574541476598,1.0,0.0
TE,app_opens_per_day,exact,20.0,0.7349513701206776,1,0.0009921500569765149,1.0,0.0
TE,app_opens_per_day,exact,50.0,0.7349452335141714,1,0.0009881051134226241,1.0,0.0
TE,app_opens_per_day,exact,100.0,0.7349346490216141,1,0.0009922546775011653,1.0,0.0
TE,app_opens_per_day,exact,200.0,0.734876683952838,1,0.00100129172156118,1.0,0.0
count,age,exact,,0.5141026047703845,-1,0.0009981527356592223,1.0,0.0
TE,age,exact,1.0,0.5502857580582906,1,0.0014920264202865521,1.0,0.0
TE,age,exact,5.0,0.5502857580582906,1,0.0014920264202865521,1.0,0.0
TE,age,exact,10.0,0.5502857580582906,1,0.0014920264202865521,1.0,0.0
TE,age,exact,20.0,0.5502857580582906,1,0.0014920264202865521,1.0,0.0
TE,age,exact,50.0,0.5502857580582906,1,0.0014920264202865521,1.0,0.0
TE,age,exact,100.0,0.5502857580582906,1,0.0014920264202865521,1.0,0.0
TE,age,exact,200.0,0.5502857580582906,1,0.0014920264202865521,1.0,0.0
count,gender,exact,,0.5108407063958256,1,0.000750796032806546,1.0,0.0
TE,gender,exact,1.0,0.5113646756581771,1,0.0010560108073135483,1.0,0.0
TE,gender,exact,5.0,0.5113646756581771,1,0.0010560108073135483,1.0,0.0
TE,gender,exact,10.0,0.5113646756581771,1,0.0010560108073135483,1.0,0.0
TE,gender,exact,20.0,0.5113646756581771,1,0.0010560108073135483,1.0,0.0
TE,gender,exact,50.0,0.5113646756581771,1,0.0010560108073135483,1.0,0.0
TE,gender,exact,100.0,0.5113646756581771,1,0.0010560108073135483,1.0,0.0
TE,gender,exact,200.0,0.5113646756581771,1,0.0010560108073135483,1.0,0.0
count,stress_level,exact,,0.5025527664038614,1,0.0006252851482067989,1.0,0.0
TE,stress_level,exact,1.0,0.5023246032164093,1,0.0011249015199016514,1.0,0.0
TE,stress_level,exact,5.0,0.5023246032164093,1,0.0011249015199016514,1.0,0.0
TE,stress_level,exact,10.0,0.5023246032164093,1,0.0011249015199016514,1.0,0.0
TE,stress_level,exact,20.0,0.5023246032164093,1,0.0011249015199016514,1.0,0.0
TE,stress_level,exact,50.0,0.5023246032164093,1,0.0011249015199016514,1.0,0.0
TE,stress_level,exact,100.0,0.5023246032164093,1,0.0011249015199016514,1.0,0.0
TE,stress_level,exact,200.0,0.5023246032164093,1,0.0011249015199016514,1.0,0.0
count,academic_work_impact,exact,,0.5014447670518303,-1,0.0008467457565835929,1.0,0.0
TE,academic_work_impact,exact,1.0,0.5011105482800706,1,0.0008628838019203833,1.0,0.0
TE,academic_work_impact,exact,5.0,0.5011105482800706,1,0.0008628838019203833,1.0,0.0
TE,academic_work_impact,exact,10.0,0.5011105482800706,1,0.0008628838019203833,1.0,0.0
TE,academic_work_impact,exact,20.0,0.5011105482800706,1,0.0008628838019203833,1.0,0.0
TE,academic_work_impact,exact,50.0,0.5011105482800706,1,0.0008628838019203833,1.0,0.0
TE,academic_work_impact,exact,100.0,0.5011105482800706,1,0.0008628838019203833,1.0,0.0
TE,academic_work_impact,exact,200.0,0.5011105482800706,1,0.0008628838019203833,1.0,0.0
