rule_type,rule,feature_a,operator_a,threshold_a,feature_b,operator_b,threshold_b,rows,coverage,target_rate,positive_rate,negative_rate,precision_positive,precision_negative,positive_lift,negative_lift
pair,social_media_hours > 1.91 AND weekend_screen_time > 7.78,social_media_hours,>,1.91,weekend_screen_time,>,7.78,12662,0.08188367370694673,0.7507502764176276,0.7507502764176276,0.2492497235823724,0.7507502764176276,0.2492497235823724,2.3079365866198174,0.369417938297917
pair,social_media_hours > 1.91 AND weekend_screen_time > 6.58,social_media_hours,>,1.91,weekend_screen_time,>,6.58,21653,0.14002741958430875,0.6948690712603335,0.6948690712603335,0.3051309287396665,0.6948690712603335,0.3051309287396665,2.136148067936431,0.4522405761813577
pair,social_media_hours > 1.91 AND weekend_screen_time > 5.41,social_media_hours,>,1.91,weekend_screen_time,>,5.41,28556,0.18466831356622734,0.6715226222159967,0.6715226222159967,0.3284773777840033,0.6715226222159967,0.3284773777840033,2.0643770335330993,0.4868428094299174
pair,social_media_hours > 1.91 AND work_study_hours <= 1.99,social_media_hours,>,1.91,work_study_hours,<=,1.99,29921,0.19349560898638074,0.6620768022459143,0.6620768022459143,0.33792319775408575,0.6620768022459143,0.33792319775408575,2.0353389443250576,0.5008426457736794
pair,social_media_hours > 1.91 AND work_study_hours > 1.45,social_media_hours,>,1.91,work_study_hours,>,1.45,14442,0.09339472561015041,0.661404237640216,0.661404237640216,0.33859576235978395,0.661404237640216,0.33859576235978395,2.033271364053541,0.5018394670597303
pair,social_media_hours > 1.91 AND work_study_hours > 0.95,social_media_hours,>,1.91,work_study_hours,>,0.95,24155,0.1562075610797108,0.6588697992134134,0.6588697992134134,0.3411302007865866,0.6588697992134134,0.3411302007865866,2.0254800606661294,0.5055958083102474
pair,social_media_hours > 1.91 AND daily_screen_time_hours > 5.32,social_media_hours,>,1.91,daily_screen_time_hours,>,5.32,17905,0.11578954175666413,0.6550684166433957,0.6550684166433957,0.34493158335660434,0.6550684166433957,0.34493158335660434,2.0137939511984824,0.511229912499067
pair,social_media_hours > 1.91 AND daily_screen_time_hours > 4.5,social_media_hours,>,1.91,daily_screen_time_hours,>,4.5,30780,0.19905066156214027,0.6534762833008447,0.6534762833008447,0.34652371669915527,0.6534762833008447,0.34652371669915527,2.008899457107072,0.5135896447725761
pair,social_media_hours > 1.91 AND daily_screen_time_hours > 3.67,social_media_hours,>,1.91,daily_screen_time_hours,>,3.67,37264,0.24098193152864184,0.652721124946329,0.652721124946329,0.34727887505367105,0.652721124946329,0.34727887505367105,2.006577969323684,0.5147088798850735
pair,social_media_hours > 1.91 AND daily_screen_time_hours <= 5.32,social_media_hours,>,1.91,daily_screen_time_hours,<=,5.32,20500,0.1325711033795931,0.6501951219512195,0.6501951219512195,0.34980487804878047,0.6501951219512195,0.34980487804878047,1.9988125979166396,0.5184527188156683
pair,social_media_hours > 1.91 AND work_study_hours <= 1.45,social_media_hours,>,1.91,work_study_hours,<=,1.45,21356,0.13810675530607758,0.6486701629518636,0.6486701629518636,0.35132983704813636,0.6486701629518636,0.35132983704813636,1.9941246094093257,0.5207128906683554
pair,social_media_hours > 1.91 AND work_study_hours <= 0.95,social_media_hours,>,1.91,work_study_hours,<=,0.95,11643,0.07529391983651719,0.6433049901228206,0.6433049901228206,0.3566950098771794,0.6433049901228206,0.3566950098771794,1.9776311374058617,0.5286647192867814
pair,social_media_hours > 1.38 AND weekend_screen_time > 7.78,social_media_hours,>,1.38,weekend_screen_time,>,7.78,22007,0.1423166961987661,0.6352524196846457,0.6352524196846457,0.36474758031535426,0.6352524196846457,0.36474758031535426,1.9528761389538083,0.5405995929809791
pair,social_media_hours > 1.91 AND weekend_screen_time <= 7.78,social_media_hours,>,1.91,weekend_screen_time,<=,7.78,22363,0.14461890657940685,0.5981755578410768,0.5981755578410768,0.4018244421589232,0.5981755578410768,0.4018244421589232,1.8388954337129892,0.5955519422311535
pair,social_media_hours > 1.91 AND weekend_screen_time <= 6.58,social_media_hours,>,1.91,weekend_screen_time,<=,6.58,13372,0.08647516070204483,0.5860753813939575,0.5860753813939575,0.41392461860604246,0.5860753813939575,0.41392461860604246,1.8016973922282506,0.6134858527362078
pair,social_media_hours > 1.38 AND weekend_screen_time > 6.58,social_media_hours,>,1.38,weekend_screen_time,>,6.58,40060,0.25906333665299996,0.5669246130803794,0.5669246130803794,0.43307538691962055,0.5669246130803794,0.43307538691962055,1.7428246082398242,0.6418695847040592
pair,social_media_hours > 1.38 AND work_study_hours <= 1.99,social_media_hours,>,1.38,work_study_hours,<=,1.99,57284,0.37044893102422494,0.5583583548634872,0.5583583548634872,0.44164164513651283,0.5583583548634872,0.44164164513651283,1.7164904444436588,0.6545658052010345
pair,social_media_hours > 1.38 AND work_study_hours <= 1.45,social_media_hours,>,1.38,work_study_hours,<=,1.45,38468,0.24876805877103353,0.5564885099303317,0.5564885099303317,0.4435114900696683,0.5564885099303317,0.4435114900696683,1.7107422167465243,0.6573371393081104
pair,social_media_hours > 1.38 AND work_study_hours <= 0.95,social_media_hours,>,1.38,work_study_hours,<=,0.95,19628,0.12693198132364164,0.5497758304463012,0.5497758304463012,0.4502241695536988,0.5497758304463012,0.4502241695536988,1.6901062755260003,0.6672861341547417
pair,social_media_hours > 1.38 AND daily_screen_time_hours <= 4.5,social_media_hours,>,1.38,daily_screen_time_hours,<=,4.5,24990,0.16160740846126984,0.5488995598239296,0.5488995598239296,0.4511004401760704,0.5488995598239296,0.4511004401760704,1.687412467621191,0.6685848721515386
univariate,weekend_screen_time > 8.9,weekend_screen_time,>,8.9,,,,13941,0.090154817181215,0.5447241948210315,0.5447241948210315,0.4552758051789685,0.5447241948210315,0.4552758051789685,1.6745766712780141,0.674773263090725
pair,social_media_hours > 1.38 AND weekend_screen_time > 5.41,social_media_hours,>,1.38,weekend_screen_time,>,5.41,55547,0.3592159550939638,0.544169802149531,0.544169802149531,0.45583019785046897,0.544169802149531,0.45583019785046897,1.672872372032178,0.6755949394190661
pair,weekend_screen_time > 7.78 AND work_study_hours <= 1.45,weekend_screen_time,>,7.78,work_study_hours,<=,1.45,13195,0.08533052239481614,0.5411140583554377,0.5411140583554377,0.4588859416445623,0.5411140583554377,0.4588859416445623,1.6634784855119134,0.6801239176508416
pair,social_media_hours > 0.9 AND weekend_screen_time > 7.78,social_media_hours,>,0.9,weekend_screen_time,>,7.78,29104,0.1882121655004721,0.534428257284222,0.534428257284222,0.46557174271577795,0.534428257284222,0.46557174271577795,1.6429251731951333,0.6900330754709595
pair,social_media_hours > 1.38 AND daily_screen_time_hours <= 5.32,social_media_hours,>,1.38,daily_screen_time_hours,<=,5.32,49673,0.3212294838133916,0.5292412376945221,0.5292412376945221,0.47075876230547786,0.5292412376945221,0.47075876230547786,1.6269793751546637,0.697720859654618
pair,weekend_screen_time > 7.78 AND daily_screen_time_hours > 5.32,weekend_screen_time,>,7.78,daily_screen_time_hours,>,5.32,14671,0.09487564183814685,0.5257991956921818,0.5257991956921818,0.4742008043078182,0.5257991956921818,0.4742008043078182,1.6163979409289049,0.7028223780906824
pair,weekend_screen_time > 7.78 AND work_study_hours <= 1.99,weekend_screen_time,>,7.78,work_study_hours,<=,1.99,22021,0.14240723256204973,0.52499886472004,0.52499886472004,0.47500113527996,0.52499886472004,0.47500113527996,1.6139375846825843,0.7040085644319759
pair,social_media_hours > 1.38 AND daily_screen_time_hours > 3.67,social_media_hours,>,1.38,daily_screen_time_hours,>,3.67,70659,0.4569434923755448,0.5202026634965115,0.5202026634965115,0.47979733650348855,0.5202026634965115,0.47979733650348855,1.599193230097206,0.7111171089960076
pair,social_media_hours > 1.38 AND daily_screen_time_hours > 5.32,social_media_hours,>,1.38,daily_screen_time_hours,>,5.32,27537,0.1780785596957978,0.5190834150415804,0.5190834150415804,0.4809165849584196,0.5190834150415804,0.4809165849584196,1.5957524661843652,0.7127759692375399
pair,social_media_hours > 1.38 AND work_study_hours > 0.95,social_media_hours,>,1.38,work_study_hours,>,0.95,52350,0.338541329849839,0.5169627507163324,0.5169627507163324,0.48303724928366765,0.5169627507163324,0.48303724928366765,1.5892331761648744,0.7159190477196157
pair,work_study_hours <= 1.45 AND daily_screen_time_hours > 5.32,work_study_hours,<=,1.45,daily_screen_time_hours,>,5.32,9914,0.06411267897098956,0.5159370587048618,0.5159370587048618,0.48406294129513816,0.5159370587048618,0.48406294129513816,1.5860800209889985,0.717439246108445
pair,work_study_hours <= 1.99 AND daily_screen_time_hours > 5.32,work_study_hours,<=,1.99,daily_screen_time_hours,>,5.32,18465,0.11941099628800911,0.514649336582724,0.514649336582724,0.48535066341727595,0.514649336582724,0.48535066341727595,1.5821213397970808,0.7193478044996986
pair,social_media_hours > 1.38 AND daily_screen_time_hours > 4.5,social_media_hours,>,1.38,daily_screen_time_hours,>,4.5,52220,0.3377006350479196,0.5144772117962466,0.5144772117962466,0.4855227882037534,0.5144772117962466,0.4855227882037534,1.5815921983439853,0.7196029140454047
pair,weekend_screen_time > 7.78 AND daily_screen_time_hours > 4.5,weekend_screen_time,>,7.78,daily_screen_time_hours,>,4.5,25146,0.16261624222357307,0.5003579098067287,0.5003579098067287,0.4996420901932713,0.5003579098067287,0.4996420901932713,1.5381870146727439,0.7405294103969629
pair,social_media_hours > 1.38 AND work_study_hours > 1.45,social_media_hours,>,1.38,work_study_hours,>,1.45,33510,0.21670525240244706,0.4908087138167711,0.4908087138167711,0.5091912861832288,0.4908087138167711,0.5091912861832288,1.5088311296463806,0.7546824623815802
pair,work_study_hours <= 0.95 AND daily_screen_time_hours > 4.5,work_study_hours,<=,0.95,daily_screen_time_hours,>,4.5,9917,0.06413207962026463,0.48966421296763135,0.48966421296763135,0.5103357870323686,0.48966421296763135,0.5103357870323686,1.505312735493066,0.756378749695334
univariate,weekend_screen_time > 8.08,weekend_screen_time,>,8.08,,,,28129,0.1819069544860768,0.4848732624693377,0.4848732624693377,0.5151267375306623,0.4848732624693377,0.5151267375306623,1.4905845225479328,0.7634795120557871
pair,work_study_hours <= 1.45 AND daily_screen_time_hours > 4.5,work_study_hours,<=,1.45,daily_screen_time_hours,>,4.5,23286,0.15058783967303438,0.4819204672335309,0.4819204672335309,0.5180795327664691,0.4819204672335309,0.5180795327664691,1.4815071177549117,0.7678559081959705
pair,weekend_screen_time > 7.78 AND daily_screen_time_hours > 3.67,weekend_screen_time,>,7.78,daily_screen_time_hours,>,3.67,31313,0.2024975102500097,0.4782039408552358,0.4782039408552358,0.5217960591447641,0.4782039408552358,0.5217960591447641,1.4700818709411054,0.7733642453470279
pair,social_media_hours > 0.9 AND work_study_hours <= 0.95,social_media_hours,>,0.9,work_study_hours,<=,0.95,27406,0.17723139801078677,0.476610961103408,0.476610961103408,0.523389038896592,0.476610961103408,0.523389038896592,1.4651847748407467,0.775725232100444
pair,social_media_hours > 1.38 AND weekend_screen_time <= 7.78,social_media_hours,>,1.38,weekend_screen_time,<=,7.78,48274,0.31218231436812083,0.4755976301943075,0.4755976301943075,0.5244023698056925,0.4755976301943075,0.5244023698056925,1.4620696198379068,0.7772271098553043
pair,social_media_hours > 0.9 AND work_study_hours <= 1.45,social_media_hours,>,0.9,work_study_hours,<=,1.45,55200,0.3569719466611483,0.4723369565217391,0.4723369565217391,0.5276630434782609,0.4723369565217391,0.5276630434782609,1.4520457433208607,0.7820598187075748
pair,social_media_hours > 1.38 AND weekend_screen_time <= 6.58,social_media_hours,>,1.38,weekend_screen_time,<=,6.58,30221,0.195435673913887,0.47079845140796134,0.47079845140796134,0.5292015485920387,0.47079845140796134,0.5292015485920387,1.4473161117078925,0.7843400675239983
pair,work_study_hours <= 1.99 AND daily_screen_time_hours > 4.5,work_study_hours,<=,1.99,daily_screen_time_hours,>,4.5,42686,0.2760453716517713,0.4692170735135642,0.4692170735135642,0.5307829264864359,0.4692170735135642,0.5307829264864359,1.4424546817299158,0.7866838589353659
pair,work_study_hours <= 0.95 AND daily_screen_time_hours > 3.67,work_study_hours,<=,0.95,daily_screen_time_hours,>,3.67,17986,0.11631335928709081,0.46563994217724897,0.46563994217724897,0.534360057822751,0.46563994217724897,0.534360057822751,1.4314579594568044,0.7919855959414881
pair,weekend_screen_time > 6.58 AND work_study_hours <= 0.95,weekend_screen_time,>,6.58,work_study_hours,<=,0.95,13372,0.08647516070204483,0.4608136404427161,0.4608136404427161,0.5391863595572839,0.4608136404427161,0.5391863595572839,1.4166210706788924,0.7991387530674
pair,social_media_hours > 0.9 AND weekend_screen_time > 6.58,social_media_hours,>,0.9,weekend_screen_time,>,6.58,55841,0.3611172187229199,0.4602174029834709,0.4602174029834709,0.5397825970165291,0.4602174029834709,0.5397825970165291,1.4147881332964762,0.8000224483821414
pair,social_media_hours > 0.9 AND work_study_hours <= 1.99,social_media_hours,>,0.9,work_study_hours,<=,1.99,82793,0.5354126518100806,0.4567415119635718,0.4567415119635718,0.5432584880364282,0.4567415119635718,0.5432584880364282,1.4041026413187605,0.8051741351156877
pair,social_media_hours > 1.38 AND weekend_screen_time <= 5.41,social_media_hours,>,1.38,weekend_screen_time,<=,5.41,14734,0.09528305547292316,0.45554499796389303,0.45554499796389303,0.544455002036107,0.45554499796389303,0.544455002036107,1.4004243497176725,0.8069475121471765
pair,weekend_screen_time > 6.58 AND daily_screen_time_hours > 5.32,weekend_screen_time,>,6.58,daily_screen_time_hours,>,5.32,24552,0.15877491366711072,0.45169436298468557,0.45169436298468557,0.5483056370153144,0.45169436298468557,0.5483056370153144,1.388586829800081,0.8126546143044495
pair,work_study_hours <= 1.45 AND daily_screen_time_hours > 3.67,work_study_hours,<=,1.45,daily_screen_time_hours,>,3.67,42029,0.2717966294605326,0.4506412239168193,0.4506412239168193,0.5493587760831806,0.4506412239168193,0.5493587760831806,1.3853492976114479,0.8142154925176747
pair,weekend_screen_time > 6.58 AND work_study_hours <= 1.45,weekend_screen_time,>,6.58,work_study_hours,<=,1.45,28434,0.18387935382904147,0.4504466483787016,0.4504466483787016,0.5495533516212985,0.4504466483787016,0.5495533516212985,1.384751138653151,0.8145038767658159
pair,weekend_screen_time > 7.78 AND work_study_hours > 0.95,weekend_screen_time,>,7.78,work_study_hours,>,0.95,26465,0.17114606102150887,0.4445871906291328,0.4445871906291328,0.5554128093708672,0.4445871906291328,0.5554128093708672,1.36673814905758,0.8231882948276642
pair,social_media_hours > 0.9 AND daily_screen_time_hours > 5.32,social_media_hours,>,0.9,daily_screen_time_hours,>,5.32,33623,0.21743601019180775,0.4445468875472147,0.4445468875472147,0.5554531124527853,0.4445468875472147,0.5554531124527853,1.3666142503921592,0.8232480288214084
univariate,weekend_screen_time > 7.58,weekend_screen_time,>,7.58,,,,42142,0.2725273872498933,0.43761568031892173,0.43761568031892173,0.5623843196810783,0.43761568031892173,0.5623843196810783,1.3453065169765244,0.8335209079539921
pair,weekend_screen_time > 6.58 AND work_study_hours <= 1.99,weekend_screen_time,>,6.58,work_study_hours,<=,1.99,45597,0.2948704683316735,0.4364980152202996,0.4364980152202996,0.5635019847797005,0.4364980152202996,0.5635019847797005,1.3418706205756508,0.8351774214718661
pair,social_media_hours > 0.9 AND weekend_screen_time > 5.41,social_media_hours,>,0.9,weekend_screen_time,>,5.41,80747,0.5221814090044881,0.43254857765613586,0.43254857765613586,0.5674514223438641,0.43254857765613586,0.5674514223438641,1.3297293643720585,0.8410309608917705
pair,social_media_hours > 0.9 AND daily_screen_time_hours <= 3.67,social_media_hours,>,0.9,daily_screen_time_hours,<=,3.67,19043,0.12314885471500446,0.42561571181011393,0.42561571181011393,0.5743842881898861,0.42561571181011393,0.5743842881898861,1.308416532077795,0.8513062982944499
pair,weekend_screen_time > 5.41 AND daily_screen_time_hours > 5.32,weekend_screen_time,>,5.41,daily_screen_time_hours,>,5.32,29931,0.19356027781729762,0.4242090140656844,0.4242090140656844,0.5757909859343155,0.4242090140656844,0.5757909859343155,1.3040920991835758,0.8533911928054111
pair,social_media_hours > 0.9 AND daily_screen_time_hours > 4.5,social_media_hours,>,0.9,daily_screen_time_hours,>,4.5,66697,0.4313217015662791,0.42381216546471356,0.42381216546471356,0.5761878345352864,0.42381216546471356,0.5761878345352864,1.302872117740612,0.8539793699551387
pair,weekend_screen_time > 6.58 AND daily_screen_time_hours > 4.5,weekend_screen_time,>,6.58,daily_screen_time_hours,>,4.5,45427,0.29377109820608666,0.4224359962137055,0.4224359962137055,0.5775640037862946,0.4224359962137055,0.5775640037862946,1.2986415347311213,0.8560190175830262
pair,weekend_screen_time > 5.41 AND work_study_hours <= 0.95,weekend_screen_time,>,5.41,work_study_hours,<=,0.95,22855,0.1478006130605171,0.42056442791511706,0.42056442791511706,0.5794355720848829,0.42056442791511706,0.5794355720848829,1.292888009109684,0.8587929059240489
pair,work_study_hours <= 1.99 AND daily_screen_time_hours > 3.67,work_study_hours,<=,1.99,daily_screen_time_hours,>,3.67,72587,0.46941164297631827,0.4204058577982283,0.4204058577982283,0.5795941422017716,0.4204058577982283,0.5795941422017716,1.2924005370623097,0.8590279258262368
pair,weekend_screen_time > 7.78 AND daily_screen_time_hours <= 5.32,weekend_screen_time,>,7.78,daily_screen_time_hours,<=,5.32,20216,0.13073450858155386,0.4174910961614563,0.4174910961614563,0.5825089038385437,0.4174910961614563,0.5825089038385437,1.283440054150626,0.8633479516180822
univariate,work_study_hours <= 0.59,work_study_hours,<=,0.59,,,,14661,0.09481097300722997,0.41525134711138395,0.41525134711138395,0.5847486528886161,0.41525134711138395,0.5847486528886161,1.2765546770287222,0.8666675279228842
pair,social_media_hours > 0.9 AND daily_screen_time_hours > 3.67,social_media_hours,>,0.9,daily_screen_time_hours,>,3.67,96374,0.6232393910782881,0.4118330670097744,0.4118330670097744,0.5881669329902256,0.4118330670097744,0.5881669329902256,1.2660462910079215,0.8717338283765496
pair,weekend_screen_time > 5.41 AND work_study_hours <= 1.45,weekend_screen_time,>,5.41,work_study_hours,<=,1.45,46548,0.3010204741518683,0.41041505542665635,0.41041505542665635,0.5895849445733437,0.41041505542665635,0.5895849445733437,1.2616870774108981,0.8738354913512928
pair,weekend_screen_time > 7.78 AND work_study_hours > 1.45,weekend_screen_time,>,7.78,work_study_hours,>,1.45,19349,0.12512772094106084,0.41025375988423174,0.41025375988423174,0.5897462401157683,0.41025375988423174,0.5897462401157683,1.2611912269326315,0.8740745506604978
univariate,weekend_screen_time > 7.03,weekend_screen_time,>,7.03,,,,56116,0.362895611573134,0.40184617577874404,0.40184617577874404,0.598153824221256,0.40184617577874404,0.598153824221256,1.2353448548810224,0.8865355971229592
pair,social_media_hours > 0.9 AND daily_screen_time_hours <= 5.32,social_media_hours,>,0.9,daily_screen_time_hours,<=,5.32,81794,0.5289522356014847,0.40159424896691687,0.40159424896691687,0.5984057510330831,0.40159424896691687,0.5984057510330831,1.2345703881582917,0.8869089828266203
pair,weekend_screen_time > 6.58 AND daily_screen_time_hours > 3.67,weekend_screen_time,>,6.58,daily_screen_time_hours,>,3.67,59378,0.3839905842182185,0.4009734245006568,0.4009734245006568,0.5990265754993431,0.4009734245006568,0.5990265754993431,1.232661866051064,0.8878291190300809
pair,social_media_hours > 0.9 AND daily_screen_time_hours <= 4.5,social_media_hours,>,0.9,daily_screen_time_hours,<=,4.5,48720,0.31506654422701347,0.4008210180623974,0.4008210180623974,0.5991789819376026,0.4008210180623974,0.5991789819376026,1.2321933422210445,0.8880550036224324
pair,social_media_hours > 1.38 AND work_study_hours > 1.99,social_media_hours,>,1.38,work_study_hours,>,1.99,14694,0.09502438014925566,0.3994147270994964,0.3994147270994964,0.6005852729005037,0.3994147270994964,0.6005852729005037,1.2278701598438109,0.8901392952344559
pair,weekend_screen_time > 5.41 AND daily_screen_time_hours > 4.5,weekend_screen_time,>,5.41,daily_screen_time_hours,>,4.5,57976,0.37492401412367266,0.3963536635849317,0.3963536635849317,0.6036463364150684,0.3963536635849317,0.6036463364150684,1.2184599195799752,0.8946761579290128
univariate,work_study_hours <= 0.84,work_study_hours,<=,0.84,,,,29349,0.1897965518579355,0.3957204674775972,0.3957204674775972,0.6042795325224029,0.3957204674775972,0.6042795325224029,1.216513364901906,0.8956146303860643
pair,weekend_screen_time > 5.41 AND work_study_hours <= 1.99,weekend_screen_time,>,5.41,work_study_hours,<=,1.99,71623,0.46317756767593155,0.3948312692850062,0.3948312692850062,0.6051687307149938,0.3948312692850062,0.6051687307149938,1.2137798154036232,0.896932528590018
pair,social_media_hours > 0.9 AND work_study_hours > 0.95,social_media_hours,>,0.9,work_study_hours,>,0.95,80162,0.5183982823958508,0.39302911604001894,0.39302911604001894,0.606970883959981,0.39302911604001894,0.606970883959981,1.2082396836987792,0.8996035355090691
pair,work_study_hours > 0.95 AND daily_screen_time_hours > 5.32,work_study_hours,>,0.95,daily_screen_time_hours,>,5.32,31197,0.20174735181137396,0.3897169599640991,0.3897169599640991,0.610283040035901,0.3897169599640991,0.610283040035901,1.198057541342886,0.9045125474481852
univariate,work_study_hours <= 1.05,work_study_hours,<=,1.05,,,,43514,0.2813999508516885,0.3895068253895298,0.3895068253895298,0.6104931746104703,0.3895068253895298,0.6104931746104703,1.1974115512074224,0.9048239920515605
univariate,work_study_hours <= 1.25,work_study_hours,<=,1.25,,,,57727,0.3733137602338425,0.386023870978918,0.386023870978918,0.613976129021082,0.386023870978918,0.613976129021082,1.1867043451413293,0.9099861475759923
univariate,gaming_hours <= 0.22,gaming_hours,<=,0.22,,,,14414,0.09321365288358317,0.3833078951019842,0.3833078951019842,0.6166921048980158,0.3833078951019842,0.6166921048980158,1.1783549641398825,0.9140115490669278
univariate,work_study_hours <= 1.45,work_study_hours,<=,1.45,,,,72542,0.46912063323719233,0.3817236911030851,0.3817236911030851,0.6182763088969149,0.3817236911030851,0.6182763088969149,1.1734848462264065,0.9163595291035965
univariate,weekend_screen_time > 6.58,weekend_screen_time,>,6.58,,,,70173,0.4538005871929847,0.38152850811565703,0.38152850811565703,0.618471491884343,0.38152850811565703,0.618471491884343,1.1728848198635518,0.9166488136643584
univariate,work_study_hours <= 1.65,work_study_hours,<=,1.65,,,,86544,0.5596699302870003,0.37696431872804587,0.37696431872804587,0.6230356812719542,0.37696431872804587,0.6230356812719542,1.1588537099101937,0.9234134889038691
univariate,gaming_hours <= 0.4,gaming_hours,<=,0.4,,,,28028,0.18125379929381635,0.37683744826601967,0.37683744826601967,0.6231625517339803,0.37683744826601967,0.6231625517339803,1.1584636881009858,0.9236015261214794
univariate,gaming_hours <= 0.57,gaming_hours,<=,0.57,,,,41845,0.2706067229716621,0.3735691241486438,0.3735691241486438,0.6264308758513562,0.3735691241486438,0.6264308758513562,1.1484162927894355,0.9284455738491044
pair,weekend_screen_time > 5.41 AND daily_screen_time_hours > 3.67,weekend_screen_time,>,5.41,daily_screen_time_hours,>,3.67,83260,0.5384326862138986,0.3718712466970934,0.3718712466970934,0.6281287533029065,0.3718712466970934,0.6281287533029065,1.14319672296293,0.9309620315551326
univariate,app_opens_per_day > 164,app_opens_per_day,>,164.0,,,,13750,0.0889196425107027,0.37127272727272725,0.37127272727272725,0.6287272727272728,0.37127272727272725,0.6287272727272728,1.1413567704238665,0.9318491090154516
univariate,work_study_hours <= 1.87,work_study_hours,<=,1.87,,,,101129,0.653989420179262,0.3699927814969,0.3699927814969,0.6300072185031,0.3699927814969,0.6300072185031,1.1374219950695144,0.9337461419302462
univariate,gaming_hours <= 0.73,gaming_hours,<=,0.73,,,,55819,0.3609749472949028,0.36976656693957255,0.36976656693957255,0.6302334330604275,0.36976656693957255,0.6302334330604275,1.1367265722775663,0.9340814189936659
univariate,gaming_hours <= 0.89,gaming_hours,<=,0.89,,,,70178,0.4538329216084432,0.3689760323748183,0.3689760323748183,0.6310239676251816,0.3689760323748183,0.6310239676251816,1.1342963318869934,0.9352530858860796
univariate,weekend_screen_time > 6.07,weekend_screen_time,>,6.07,,,,84190,0.5444468874891679,0.36866611236488894,0.36866611236488894,0.6313338876351111,0.36866611236488894,0.6313338876351111,1.1333435840128872,0.9357124244540824
univariate,gaming_hours <= 1.04,gaming_hours,<=,1.04,,,,83381,0.5392151790679928,0.3680694642664396,0.3680694642664396,0.6319305357335604,0.3680694642664396,0.6319305357335604,1.1315093842543216,0.9365967283852988
pair,social_media_hours > 0.9 AND weekend_screen_time <= 7.78,social_media_hours,>,0.9,weekend_screen_time,<=,7.78,75997,0.49146371431897257,0.36754082397989396,0.36754082397989396,0.632459176020106,0.36754082397989396,0.632459176020106,1.129884252307249,0.9373802365952583
pair,weekend_screen_time > 7.78 AND daily_screen_time_hours <= 4.5,weekend_screen_time,>,7.78,daily_screen_time_hours,<=,4.5,9741,0.06299390819612763,0.36669746432604455,0.36669746432604455,0.6333025356739554,0.36669746432604455,0.6333025356739554,1.1272916184289294,0.9386301965955779
univariate,notifications_per_day <= 49,notifications_per_day,<=,49.0,,,,14348,0.0927868385995318,0.36423194870365205,0.36423194870365205,0.635768051296348,0.36423194870365205,0.635768051296348,1.1197121956987046,0.942284385996372
univariate,gaming_hours <= 1.21,gaming_hours,<=,1.21,,,,97509,0.6305793033873534,0.3632587761129742,0.3632587761129742,0.6367412238870258,0.3632587761129742,0.6367412238870258,1.1167204943331872,0.9437267443143239
univariate,work_study_hours <= 2.13,work_study_hours,<=,2.13,,,,115370,0.7460843022879833,0.36183583253878826,0.36183583253878826,0.6381641674612117,0.36183583253878826,0.6381641674612117,1.1123461189400408,0.9458357170904413
pair,weekend_screen_time > 6.58 AND work_study_hours > 0.95,weekend_screen_time,>,6.58,work_study_hours,>,0.95,52122,0.3370668805049342,0.36170906718851925,0.36170906718851925,0.6382909328114807,0.36170906718851925,0.6382909328114807,1.1119564202626089,0.9460235985198405
pair,work_study_hours > 1.45 AND daily_screen_time_hours > 5.32,work_study_hours,>,1.45,daily_screen_time_hours,>,5.32,25450,0.16458217468344608,0.3616895874263261,0.3616895874263261,0.6383104125736738,0.3616895874263261,0.6383104125736738,1.1118965360943622,0.9460524698601351
pair,social_media_hours > 0.9 AND weekend_screen_time <= 6.58,social_media_hours,>,0.9,weekend_screen_time,<=,6.58,49260,0.3185586610965247,0.3610840438489647,0.3610840438489647,0.6389159561510354,0.3610840438489647,0.6389159561510354,1.1100349900904716,0.9469499579563437
univariate,app_opens_per_day > 148,app_opens_per_day,>,148.0,,,,27515,0.17793628826778068,0.3599127748500818,0.3599127748500818,0.6400872251499182,0.3599127748500818,0.6400872251499182,1.1064343060012236,0.9486859188735344
univariate,gaming_hours <= 1.41,gaming_hours,<=,1.41,,,,111186,0.7190268634323629,0.3569604086845466,0.3569604086845466,0.6430395913154534,0.3569604086845466,0.6430395913154534,1.0973582202446508,0.9530616790801935
univariate,weekend_screen_time > 5.68,weekend_screen_time,>,5.68,,,,97903,0.6331272553254782,0.3564752867634291,0.3564752867634291,0.6435247132365709,0.3564752867634291,0.6435247132365709,1.0958668713022823,0.9537806878612127
pair,work_study_hours > 0.95 AND daily_screen_time_hours > 4.5,work_study_hours,>,0.95,daily_screen_time_hours,>,4.5,62026,0.40111489064500694,0.3562860735820462,0.3562860735820462,0.6437139264179538,0.3562860735820462,0.6437139264179538,1.0952851971588267,0.9540611244545242
pair,social_media_hours > 0.9 AND work_study_hours > 1.45,social_media_hours,>,0.9,work_study_hours,>,1.45,52368,0.33865773374548935,0.3531736938588451,0.3531736938588451,0.6468263061411549,0.3531736938588451,0.6468263061411549,1.0857172019675287,0.9586740439154567
pair,social_media_hours > 0.9 AND weekend_screen_time <= 5.41,social_media_hours,>,0.9,weekend_screen_time,<=,5.41,24354,0.1574944708149566,0.3514412416851441,0.3514412416851441,0.6485587583148559,0.3514412416851441,0.6485587583148559,1.0803913434472592,0.961241745500076
univariate,sleep_hours > 8.01,sleep_hours,>,8.01,,,,28905,0.18692525576522628,0.35014703338522746,0.35014703338522746,0.6498529666147725,0.35014703338522746,0.6498529666147725,1.076412722619655,0.9631599171835252
univariate,sleep_hours > 8.5,sleep_hours,>,8.5,,,,14313,0.09256049769132274,0.3498917068399357,0.3498917068399357,0.6501082931600644,0.3498917068399357,0.6501082931600644,1.075627804526483,0.9635383416993032
univariate,sleep_hours > 7.6,sleep_hours,>,7.6,,,,43736,0.2828355988980431,0.3474940552405341,0.3474940552405341,0.6525059447594659,0.3474940552405341,0.6525059447594659,1.0682570075756894,0.9670919484912276
univariate,work_study_hours <= 2.51,work_study_hours,<=,2.51,,,,129860,0.8397894382865346,0.34741259818265824,0.34741259818265824,0.6525874018173418,0.34741259818265824,0.6525874018173418,1.0680065944489607,0.9672126776055786
univariate,notifications_per_day > 232,notifications_per_day,>,232.0,,,,13978,0.09039409185560743,0.347259979968522,0.347259979968522,0.652740020031478,0.347259979968522,0.652740020031478,1.067537419583158,0.96743887607514
univariate,notifications_per_day <= 76,notifications_per_day,<=,76.0,,,,28312,0.1830903940918556,0.34716727889234245,0.34716727889234245,0.6528327211076576,0.34716727889234245,0.6528327211076576,1.0672524403936003,0.9675762701711014
univariate,app_opens_per_day > 131,app_opens_per_day,>,131.0,,,,40798,0.2638358963746653,0.3458747977842051,0.3458747977842051,0.6541252022157948,0.3458747977842051,0.6541252022157948,1.0632791292531516,0.9694918819495004
univariate,gaming_hours <= 1.72,gaming_hours,<=,1.72,,,,125337,0.8105397260628322,0.3452611758698549,0.3452611758698549,0.6547388241301451,0.3452611758698549,0.6547388241301451,1.0613927490399624,0.9704013431085166
pair,weekend_screen_time > 6.58 AND daily_screen_time_hours <= 5.32,weekend_screen_time,>,6.58,daily_screen_time_hours,<=,5.32,45621,0.295025673525874,0.3437671247890226,0.3437671247890226,0.6562328752109774,0.3437671247890226,0.6562328752109774,1.056799776835962,0.9726157057246919
univariate,weekend_screen_time > 5.17,weekend_screen_time,>,5.17,,,,112450,0.7272010036602559,0.34187638950644733,0.34187638950644733,0.6581236104935526,0.34187638950644733,0.6581236104935526,1.0509873285807436,0.975418001831252
univariate,app_opens_per_day <= 70,app_opens_per_day,<=,70.0,,,,42281,0.27342628399963786,0.3398216693077269,0.3398216693077269,0.660178330692273,0.3398216693077269,0.660178330692273,1.0446707622459006,0.9784633432209268
univariate,sleep_hours > 7.18,sleep_hours,>,7.18,,,,58094,0.3756871063284918,0.3384859021585706,0.3384859021585706,0.6615140978414293,0.3384859021585706,0.6615140978414293,1.0405643823062845,0.9804431100956705
univariate,notifications_per_day <= 129,notifications_per_day,<=,129.0,,,,57668,0.3729322141314329,0.3357668030796976,0.3357668030796976,0.6642331969203024,0.3357668030796976,0.6642331969203024,1.0322054000402767,0.9844731405458871
univariate,sleep_hours > 6.3,sleep_hours,>,6.3,,,,87356,0.5649210393574505,0.3356838683089885,0.3356838683089885,0.6643161316910116,0.3356838683089885,0.6643161316910116,1.0319504441679515,0.9845960598076149
univariate,app_opens_per_day > 115,app_opens_per_day,>,115.0,,,,54550,0.3527684726515514,0.3342621448212649,0.3342621448212649,0.6657378551787352,0.3342621448212649,0.6657378551787352,1.0275798195322454,0.9867032242694884
univariate,sleep_hours > 6.78,sleep_hours,>,6.78,,,,72667,0.46992899362365326,0.334236998912849,0.334236998912849,0.6657630010871509,0.334236998912849,0.6657630010871509,1.0275025166475715,0.9867404935170129
pair,weekend_screen_time > 7.78 AND work_study_hours > 1.99,weekend_screen_time,>,7.78,work_study_hours,>,1.99,10523,0.06805101077382723,0.33422027938800725,0.33422027938800725,0.6657797206119928,0.33422027938800725,0.6657797206119928,1.0274511179277772,0.9867652738550113
univariate,notifications_per_day <= 153,notifications_per_day,<=,153.0,,,,71320,0.46121810209915026,0.33318844643858664,0.33318844643858664,0.6668115535614134,0.33318844643858664,0.6668115535614134,1.0242790844433394,0.9882945738492673
univariate,sleep_hours > 5.93,sleep_hours,>,5.93,,,,101965,0.6593957344439128,0.3329083509047222,0.3329083509047222,0.6670916490952778,0.3329083509047222,0.6670916490952778,1.0234180221824778,0.9887097089722254
univariate,app_opens_per_day > 32,app_opens_per_day,>,32.0,,,,124570,0.805579626731508,0.3328088624869551,0.3328088624869551,0.6671911375130448,0.3328088624869551,0.6671911375130448,1.0231121775274412,0.9888571627212117
univariate,age <= 32,age,<=,32.0,,,,123358,0.7977417644243827,0.3322038295043694,0.3322038295043694,0.6677961704956306,0.3322038295043694,0.6677961704956306,1.0212522011804668,0.9897538940548182
univariate,weekend_screen_time > 4.4,weekend_screen_time,>,4.4,,,,126567,0.8184939922656078,0.33181635023347317,0.33181635023347317,0.6681836497665268,0.33181635023347317,0.6681836497665268,1.0200610226835032,0.9903281847353868
univariate,age <= 30,age,<=,30.0,,,,104774,0.6775612090484628,0.3316280756676275,0.3316280756676275,0.6683719243323725,0.3316280756676275,0.6683719243323725,1.0194822340070357,0.9906072301880717
univariate,age <= 29,age,<=,29.0,,,,95533,0.617800742398179,0.3313305349983775,0.3313305349983775,0.6686694650016225,0.3313305349983775,0.6686694650016225,1.0185675423736926,0.991048221090747
univariate,sleep_hours > 5.07,sleep_hours,>,5.07,,,,131279,0.8489659453936391,0.3300527883362914,0.3300527883362914,0.6699472116637086,0.3300527883362914,0.6699472116637086,1.0146395274764735,0.9929419946556308
univariate,age > 23,age,>,23.0,,,,101260,0.6548365818642731,0.3300118506814142,0.3300118506814142,0.6699881493185857,0.3300118506814142,0.6699881493185857,1.0145136780236934,0.9930026691624911
univariate,notifications_per_day > 217,notifications_per_day,>,217.0,,,,27777,0.1796306116378028,0.329913237570652,0.329913237570652,0.6700867624293481,0.329913237570652,0.6700867624293481,1.0142105242142343,0.9931488256016775
pair,weekend_screen_time > 6.58 AND work_study_hours > 1.45,weekend_screen_time,>,6.58,work_study_hours,>,1.45,37060,0.23966268737793758,0.32938478143551,0.32938478143551,0.67061521856449,0.32938478143551,0.67061521856449,1.0125859583805223,0.9939320608772043
univariate,sleep_hours > 5.5,sleep_hours,>,5.5,,,,116568,0.7538316282318248,0.32884668176515,0.32884668176515,0.67115331823485,0.32884668176515,0.67115331823485,1.0109317466466314,0.994729589026749
univariate,notifications_per_day > 196,notifications_per_day,>,196.0,,,,41569,0.2688218632383564,0.3285621496788472,0.3285621496788472,0.6714378503211528,0.3285621496788472,0.6714378503211528,1.0100570456539406,0.9951512996517031
univariate,age > 21,age,>,21.0,,,,117874,0.7622773775495687,0.32830819349474866,0.32830819349474866,0.6716918065052513,0.32830819349474866,0.6716918065052513,1.0092763402888008,0.9955276931280902
pair,work_study_hours > 0.95 AND daily_screen_time_hours > 3.67,work_study_hours,>,0.95,daily_screen_time_hours,>,3.67,89524,0.5789412419002289,0.32806845091818954,0.32806845091818954,0.6719315490818105,0.32806845091818954,0.6719315490818105,1.0085393300189525,0.9958830203360077
univariate,age <= 27,age,<=,27.0,,,,81315,0.5258545986005665,0.32706142778085223,0.32706142778085223,0.6729385722191478,0.32706142778085223,0.6729385722191478,1.0054435662007577,0.9973755492177518
univariate,notifications_per_day <= 175,notifications_per_day,<=,175.0,,,,85228,0.5511595121383396,0.32701694278875487,0.32701694278875487,0.6729830572112452,0.32701694278875487,0.6729830572112452,1.0053068116179862,0.9974414813031706
pair,weekend_screen_time > 5.41 AND work_study_hours > 0.95,weekend_screen_time,>,5.41,work_study_hours,>,0.95,75338,0.4872020383615505,0.32691337704743956,0.32691337704743956,0.6730866229525605,0.32691337704743956,0.6730866229525605,1.0049884325630458,0.9975949781339197
univariate,age > 20,age,>,20.0,,,,125923,0.8143293195545611,0.3265249398441905,0.3265249398441905,0.6734750601558095,0.3265249398441905,0.6734750601558095,1.0037943092158517,0.9981706885849486
univariate,notifications_per_day > 107,notifications_per_day,>,107.0,,,,98441,0.636606438428806,0.3264391869241475,0.3264391869241475,0.6735608130758526,0.3264391869241475,0.6735608130758526,1.0035306898635936,0.998297784681466
univariate,age > 25,age,>,25.0,,,,84513,0.5465356907277831,0.3263284938411842,0.3263284938411842,0.6736715061588159,0.3263284938411842,0.6736715061588159,1.003190400124007,0.9984618450860451
univariate,app_opens_per_day > 82,app_opens_per_day,>,82.0,,,,82540,0.5337765303878836,0.32622970680881996,0.32622970680881996,0.67377029319118,0.32622970680881996,0.67377029319118,1.0028867116493723,0.9986082592978724
univariate,app_opens_per_day > 53,app_opens_per_day,>,53.0,,,,110357,0.713665817349354,0.32606903051007186,0.32606903051007186,0.6739309694899281,0.32606903051007186,0.6739309694899281,1.0023927648335909,0.9988464008137938
univariate,age <= 34,age,<=,34.0,,,,141602,0.9157235795491289,0.32599115831697295,0.32599115831697295,0.674008841683027,0.32599115831697295,0.674008841683027,1.0021533722030735,0.9989618167292534
univariate,app_opens_per_day <= 99,app_opens_per_day,<=,99.0,,,,69376,0.44864648136890983,0.32540071494464945,0.32540071494464945,0.6745992850553506,0.32540071494464945,0.6745992850553506,1.0003382468489876,0.9998369245133284
univariate,app_opens_per_day > 99,app_opens_per_day,>,99.0,,,,69103,0.44688102228487914,0.3249062992923607,0.3249062992923607,0.6750937007076393,0.3249062992923607,0.6750937007076393,0.9988183273647623,1.0005697077168787
univariate,notifications_per_day <= 217,notifications_per_day,<=,217.0,,,,113384,0.7332410724678919,0.32417272278275594,0.32417272278275594,0.675827277217244,0.32417272278275594,0.675827277217244,0.996563185916556,1.0016569559507664
univariate,notifications_per_day <= 196,notifications_per_day,<=,196.0,,,,99592,0.6440498208673383,0.3239416820628163,0.3239416820628163,0.6760583179371837,0.3239416820628163,0.6760583179371837,0.9958529266635164,1.0019993859651162
univariate,app_opens_per_day <= 82,app_opens_per_day,<=,82.0,,,,55939,0.3617509732659053,0.32356674234433935,0.32356674234433935,0.6764332576556606,0.32356674234433935,0.6764332576556606,0.994700296925997,1.0025550915273733
pair,work_study_hours > 1.45 AND daily_screen_time_hours > 4.5,work_study_hours,>,1.45,daily_screen_time_hours,>,4.5,48657,0.31465913059223716,0.3233450479889841,0.3233450479889841,0.6766549520110159,0.3233450479889841,0.6766549520110159,0.9940187700190567,1.0028836691101706
univariate,age <= 25,age,<=,25.0,,,,64255,0.4155295730563783,0.3230254454906233,0.3230254454906233,0.6769745545093767,0.3230254454906233,0.6769745545093767,0.9930362564958359,1.0033573582855182
univariate,notifications_per_day <= 232,notifications_per_day,<=,232.0,,,,127183,0.8224775922500873,0.32288906536250916,0.32288906536250916,0.6771109346374908,0.32288906536250916,0.6771109346374908,0.9926170003233782,1.0035594899670648
univariate,notifications_per_day > 175,notifications_per_day,>,175.0,,,,55933,0.36171217196735517,0.32268964654139776,0.32268964654139776,0.6773103534586022,0.32268964654139776,0.6773103534586022,0.9920039522729668,1.0038550525405912
univariate,notifications_per_day <= 107,notifications_per_day,<=,107.0,,,,42720,0.27626524567688865,0.3226825842696629,0.3226825842696629,0.6773174157303371,0.3226825842696629,0.6773174157303371,0.9919822416245215,1.0038655196730177
univariate,age > 27,age,>,27.0,,,,67453,0.4362106651835948,0.3222984893184884,0.3222984893184884,0.6777015106815116,0.3222984893184884,0.6777015106815116,0.9908014671134797,1.0044347943864824
univariate,sleep_hours <= 8.5,sleep_hours,<=,8.5,,,,131568,0.8508348746071368,0.322251611334063,0.322251611334063,0.677748388665937,0.322251611334063,0.677748388665937,0.9906573560571659,1.0045042731730949
univariate,app_opens_per_day <= 53,app_opens_per_day,<=,53.0,,,,28122,0.181861686304435,0.32156318896237823,0.32156318896237823,0.6784368110376218,0.32156318896237823,0.6784368110376218,0.9885410262620703,1.005524597567324
univariate,notifications_per_day > 49,notifications_per_day,>,49.0,,,,126813,0.8200848455061629,0.32089769976264265,0.32089769976264265,0.6791023002373573,0.32089769976264265,0.6791023002373573,0.986495197015894,1.0065109322544499
univariate,app_opens_per_day <= 164,app_opens_per_day,<=,164.0,,,,124729,0.8066078611430862,0.32006991156828,0.32006991156828,0.67993008843172,0.32006991156828,0.67993008843172,0.9839504325053063,1.0077378134871096
univariate,notifications_per_day > 76,notifications_per_day,>,76.0,,,,112849,0.7297812900138392,0.3198167462715664,0.3198167462715664,0.6801832537284336,0.3198167462715664,0.6801832537284336,0.9831721584651877,1.0081130347736824
univariate,app_opens_per_day <= 115,app_opens_per_day,<=,115.0,,,,83929,0.5427590310022375,0.3192341145492023,0.3192341145492023,0.6807658854507976,0.3192341145492023,0.6807658854507976,0.9813810474782082,1.008976564757063
univariate,sleep_hours <= 8.01,sleep_hours,<=,8.01,,,,116976,0.7564701165332333,0.3187405963616468,0.3187405963616468,0.6812594036383532,0.3187405963616468,0.6812594036383532,0.9798638869562613,1.0097080178104063
univariate,app_opens_per_day > 70,app_opens_per_day,>,70.0,,,,96198,0.6221012196541511,0.31870724963096947,0.31870724963096947,0.6812927503690305,0.31870724963096947,0.6812927503690305,0.9797613733213124,1.0097574416585804
univariate,gaming_hours > 0.22,gaming_hours,>,0.22,,,,124541,0.8053920871218491,0.3184814639355714,0.3184814639355714,0.6815185360644286,0.3184814639355714,0.6815185360644286,0.9790672689253326,1.0100920830972642
univariate,notifications_per_day > 129,notifications_per_day,>,129.0,,,,83493,0.5399394699742618,0.31807456912555543,0.31807456912555543,0.6819254308744446,0.31807456912555543,0.6819254308744446,0.977816403692991,1.010695149931842
pair,weekend_screen_time > 5.41 AND daily_screen_time_hours <= 5.32,weekend_screen_time,>,5.41,daily_screen_time_hours,<=,5.32,75231,0.48651008187073996,0.318073666440696,0.318073666440696,0.681926333559304,0.318073666440696,0.681926333559304,0.9778136286831394,1.010696487818901
univariate,notifications_per_day > 153,notifications_per_day,>,153.0,,,,69841,0.4516535820065445,0.3172491802809238,0.3172491802809238,0.6827508197190761,0.3172491802809238,0.6827508197190761,0.9752790151997053,1.0119184750408752
univariate,app_opens_per_day <= 148,app_opens_per_day,<=,148.0,,,,110964,0.7175912153860082,0.31653509246242023,0.31653509246242023,0.6834649075375798,0.31653509246242023,0.6834649075375798,0.973083785368758,1.0129768387007574
univariate,app_opens_per_day <= 131,app_opens_per_day,<=,131.0,,,,97681,0.6316916072791237,0.31649962633470174,0.31649962633470174,0.6835003736652983,0.31649962633470174,0.6835003736652983,0.9729747563396408,1.0130294037491467
univariate,sleep_hours <= 7.18,sleep_hours,<=,7.18,,,,87787,0.5677082659699678,0.31601489970041124,0.31601489970041124,0.6839851002995887,0.31601489970041124,0.6839851002995887,0.9714846225775511,1.0137478266677524
univariate,age <= 20,age,<=,20.0,,,,22845,0.1477359442296002,0.31595535128036767,0.31595535128036767,0.6840446487196323,0.31595535128036767,0.6840446487196323,0.9713015604041346,1.0138360845572507
univariate,sleep_hours <= 6.78,sleep_hours,<=,6.78,,,,73214,0.47346637867480634,0.3157592810118283,0.3157592810118283,0.6842407189881716,0.3157592810118283,0.6842407189881716,0.9706988063852222,1.0141266841748722
univariate,sleep_hours <= 7.6,sleep_hours,<=,7.6,,,,102145,0.6605597734004165,0.31531646189240786,0.31531646189240786,0.6846835381075922,0.31531646189240786,0.6846835381075922,0.9693375035937775,1.014782995137966
univariate,work_study_hours > 0.59,work_study_hours,>,0.59,,,,129472,0.8372802876469599,0.3151106030647553,0.3151106030647553,0.6848893969352448,0.3151106030647553,0.6848893969352448,0.9687046578460742,1.015088102572385
pair,weekend_screen_time <= 7.78 AND daily_screen_time_hours > 5.32,weekend_screen_time,<=,7.78,daily_screen_time_hours,>,5.32,19923,0.12883971183568943,0.3142599006173769,0.3142599006173769,0.685740099382623,0.3142599006173769,0.685740099382623,0.9660894509466504,1.0163489454720227
univariate,age <= 23,age,<=,23.0,,,,47508,0.3072286819198882,0.3140102719541972,0.3140102719541972,0.6859897280458028,0.3140102719541972,0.6859897280458028,0.9653220491315347,1.0167189250441824
univariate,age > 29,age,>,29.0,,,,53235,0.3442645213859824,0.31336526721142105,0.31336526721142105,0.6866347327885789,0.31336526721142105,0.6866347327885789,0.9633391926596069,1.0176748993130564
univariate,gaming_hours > 0.4,gaming_hours,>,0.4,,,,110927,0.7173519407116158,0.312160249533477,0.312160249533477,0.687839750466523,0.312160249533477,0.687839750466523,0.95963475927635,1.01946087981406
univariate,age <= 21,age,<=,21.0,,,,30894,0.19978788623459265,0.3119052243154011,0.3119052243154011,0.688094775684599,0.3119052243154011,0.688094775684599,0.9588507675153125,1.0198388577268198
univariate,sleep_hours <= 5.5,sleep_hours,<=,5.5,,,,29313,0.18956374406663476,0.3095213727697609,0.3095213727697609,0.6904786272302391,0.3095213727697609,0.6904786272302391,0.9515223943237552,1.023372011186497
univariate,sleep_hours <= 6.3,sleep_hours,<=,6.3,,,,58525,0.3784743329410091,0.30896198205894915,0.30896198205894915,0.6910380179410509,0.30896198205894915,0.6910380179410509,0.949802730238038,1.0242010952076186
univariate,age > 30,age,>,30.0,,,,43994,0.2845040547356985,0.3088830295040233,0.3088830295040233,0.6911169704959768,0.3088830295040233,0.6911169704959768,0.949560016387848,1.0243181123486804
univariate,work_study_hours > 0.84,work_study_hours,>,0.84,,,,114784,0.7422947087962544,0.3072902146640647,0.3072902146640647,0.6927097853359353,0.3072902146640647,0.6927097853359353,0.9446634272551835,1.0266788546829577
univariate,sleep_hours <= 5.93,sleep_hours,<=,5.93,,,,43916,0.28399963785454685,0.30651698697513435,0.30651698697513435,0.6934830130248657,0.30651698697513435,0.6934830130248657,0.9422863912032152,1.0278248707128816
pair,weekend_screen_time > 6.58 AND daily_screen_time_hours <= 4.5,weekend_screen_time,>,6.58,daily_screen_time_hours,<=,4.5,24746,0.1600294889868981,0.30643336296775237,0.30643336296775237,0.6935666370322476,0.30643336296775237,0.6935666370322476,0.9420293164977918,1.0279488115058955
univariate,gaming_hours > 0.57,gaming_hours,>,0.57,,,,97110,0.62799901703377,0.3043661826794357,0.3043661826794357,0.6956338173205643,0.3043661826794357,0.6956338173205643,0.9356744456860075,1.0310126202404621
pair,weekend_screen_time <= 7.78 AND daily_screen_time_hours > 4.5,weekend_screen_time,<=,7.78,daily_screen_time_hours,>,4.5,45102,0.2916693612012882,0.30373375903507605,0.30373375903507605,0.696266240964924,0.30373375903507605,0.696266240964924,0.9337302656931264,1.0319499478148817
univariate,weekend_screen_time <= 8.9,weekend_screen_time,<=,8.9,,,,126765,0.8197744351177619,0.3011083500966355,0.3011083500966355,0.6988916499033645,0.3011083500966355,0.6988916499033645,0.9256593031717687,1.0358411182574725
pair,social_media_hours <= 1.91 AND weekend_screen_time > 7.78,social_media_hours,<=,1.91,weekend_screen_time,>,7.78,22225,0.143726476712754,0.2991226096737908,0.2991226096737908,0.7008773903262092,0.2991226096737908,0.7008773903262092,0.919554792634281,1.0387842233588898
univariate,work_study_hours > 1.05,work_study_hours,>,1.05,,,,100619,0.6506913098025013,0.2975282998240889,0.2975282998240889,0.7024717001759111,0.2975282998240889,0.7024717001759111,0.9146536075823177,1.0411471814766358
pair,weekend_screen_time <= 7.78 AND daily_screen_time_hours > 3.67,weekend_screen_time,<=,7.78,daily_screen_time_hours,>,3.67,73657,0.47633120788442385,0.29680817844875573,0.29680817844875573,0.7031918215512443,0.29680817844875573,0.7031918215512443,0.9124398295510009,1.042214487590265
univariate,gaming_hours > 0.73,gaming_hours,>,0.73,,,,83136,0.5376307927105294,0.2952872401847575,0.2952872401847575,0.7047127598152425,0.2952872401847575,0.7047127598152425,0.9077642014816761,1.0444687002316642
pair,weekend_screen_time > 5.41 AND work_study_hours > 1.45,weekend_screen_time,>,5.41,work_study_hours,>,1.45,51645,0.3339821772701993,0.29309710523768034,0.29309710523768034,0.7069028947623197,0.29309710523768034,0.7069028947623197,0.9010313467192196,1.0477147424944797
univariate,age > 32,age,>,32.0,,,,25410,0.16432349935977858,0.2894529712711531,0.2894529712711531,0.7105470287288469,0.2894529712711531,0.7105470287288469,0.88982864673751,1.0531157854222204
pair,weekend_screen_time > 5.41 AND daily_screen_time_hours <= 4.5,weekend_screen_time,>,5.41,daily_screen_time_hours,<=,4.5,47186,0.3051463455643649,0.2892171406773195,0.2892171406773195,0.7107828593226805,0.2892171406773195,0.7107828593226805,0.8891036625811938,1.053465314603274
pair,weekend_screen_time <= 6.58 AND daily_screen_time_hours > 5.32,weekend_screen_time,<=,6.58,daily_screen_time_hours,>,5.32,10042,0.06494044000672555,0.287293367855009,0.287293367855009,0.7127066321449911,0.287293367855009,0.7127066321449911,0.8831896511976195,1.0563165763000062
pair,work_study_hours > 1.45 AND daily_screen_time_hours > 3.67,work_study_hours,>,1.45,daily_screen_time_hours,>,3.67,65481,0.4234579717267871,0.287182541500588,0.287182541500588,0.712817458499412,0.287182541500588,0.712817458499412,0.8828489517584526,1.056480834228845
pair,weekend_screen_time <= 6.58 AND daily_screen_time_hours > 3.67,weekend_screen_time,<=,6.58,daily_screen_time_hours,>,3.67,45592,0.29483813391621505,0.2857299526232672,0.2857299526232672,0.7142700473767327,0.2857299526232672,0.7142700473767327,0.8783834415607306,1.0586337448942682
pair,weekend_screen_time <= 6.58 AND daily_screen_time_hours > 4.5,weekend_screen_time,<=,6.58,daily_screen_time_hours,>,4.5,24821,0.16051450521877467,0.2856855082389912,0.2856855082389912,0.7143144917610088,0.2856855082389912,0.7143144917610088,0.8782468118134464,1.058699616794033
univariate,weekend_screen_time <= 8.08,weekend_screen_time,<=,8.08,,,,112577,0.7280222978129002,0.28536024232303225,0.28536024232303225,0.7146397576769677,0.28536024232303225,0.7146397576769677,0.8772468879620638,1.0591816998324617
pair,work_study_hours > 1.99 AND daily_screen_time_hours > 5.32,work_study_hours,>,1.99,daily_screen_time_hours,>,5.32,16899,0.10928385736642653,0.28504645245280785,0.28504645245280785,0.7149535475471922,0.28504645245280785,0.7149535475471922,0.8762822434660841,1.059646773996842
univariate,work_study_hours > 1.25,work_study_hours,>,1.25,,,,86406,0.5587775004203474,0.28472559775941486,0.28472559775941486,0.7152744022405851,0.28472559775941486,0.7152744022405851,0.875295880478109,1.060122319075179
univariate,gaming_hours > 0.89,gaming_hours,>,0.89,,,,68777,0.444772818396989,0.28054436803001004,0.28054436803001004,0.71945563196999,0.28054436803001004,0.71945563196999,0.862442054948263,1.0663194022413565
univariate,sleep_hours <= 5.07,sleep_hours,<=,5.07,,,,14602,0.09442942690482041,0.27920832762635256,0.27920832762635256,0.7207916723736474,0.27920832762635256,0.7207916723736474,0.8583348349769071,1.0682995741119934
univariate,weekend_screen_time <= 7.58,weekend_screen_time,<=,7.58,,,,98564,0.6374018650490837,0.27720060062497465,0.27720060062497465,0.7227993993750254,0.27720060062497465,0.7227993993750254,0.8521627338828718,1.0712752659557156
pair,weekend_screen_time > 6.58 AND daily_screen_time_hours <= 3.67,weekend_screen_time,>,6.58,daily_screen_time_hours,<=,3.67,10795,0.06981000297476622,0.2745715609078277,0.2745715609078277,0.7254284390921724,0.2745715609078277,0.7254284390921724,0.8440806097179188,1.0751718176471394
univariate,weekend_screen_time <= 7.03,weekend_screen_time,<=,7.03,,,,84590,0.5470336407258429,0.27442960160775504,0.27442960160775504,0.725570398392245,0.27442960160775504,0.725570398392245,0.8436442022030097,1.0753822183296409
pair,social_media_hours > 0.9 AND work_study_hours > 1.99,social_media_hours,>,0.9,work_study_hours,>,1.99,24775,0.16021702859655704,0.2725731584258325,0.2725731584258325,0.7274268415741675,0.2725731584258325,0.7274268415741675,0.8379371738140432,1.078133689436514
pair,weekend_screen_time <= 5.41 AND daily_screen_time_hours > 3.67,weekend_screen_time,<=,5.41,daily_screen_time_hours,>,3.67,21710,0.14039603192053493,0.27056655918931366,0.27056655918931366,0.7294334408106864,0.27056655918931366,0.7294334408106864,0.8317685396648243,1.081107709797664
univariate,weekend_screen_time <= 6.58,weekend_screen_time,<=,6.58,,,,70533,0.4561286651059922,0.26924985467795215,0.26924985467795215,0.7307501453220479,0.26924985467795215,0.7307501453220479,0.8277207615806933,1.0830592235604224
pair,weekend_screen_time <= 5.41 AND daily_screen_time_hours > 4.5,weekend_screen_time,<=,5.41,daily_screen_time_hours,>,4.5,12272,0.07936158930118861,0.2690677966101695,0.2690677966101695,0.7309322033898304,0.2690677966101695,0.7309322033898304,0.827161083497683,1.0833290554185449
univariate,work_study_hours > 1.45,work_study_hours,>,1.45,,,,71591,0.46297062741699757,0.26812029445041974,0.26812029445041974,0.7318797055495803,0.26812029445041974,0.7318797055495803,0.8242482974900341,1.084733367083797
pair,work_study_hours > 0.95 AND daily_screen_time_hours <= 5.32,work_study_hours,>,0.95,daily_screen_time_hours,<=,5.32,76381,0.49394699742618053,0.266545345046543,0.266545345046543,0.7334546549534571,0.266545345046543,0.7334546549534571,0.8194066298071039,1.087067630702394
univariate,weekend_screen_time <= 4.4,weekend_screen_time,<=,4.4,,,,14139,0.09143526003336912,0.2664261970436382,0.2664261970436382,0.7335738029563619,0.2664261970436382,0.7335738029563619,0.8190403481768941,1.0872442223108132
univariate,gaming_hours > 1.04,gaming_hours,>,1.04,,,,55574,0.3593905609374394,0.26089538273293267,0.26089538273293267,0.7391046172670673,0.26089538273293267,0.7391046172670673,0.8020376655240316,1.095441551440826
univariate,weekend_screen_time <= 6.07,weekend_screen_time,<=,6.07,,,,56516,0.36548236480980895,0.2605633802816901,0.2605633802816901,0.7394366197183099,0.2605633802816901,0.7394366197183099,0.8010170323945622,1.0959336188312532
univariate,weekend_screen_time <= 5.17,weekend_screen_time,<=,5.17,,,,28256,0.1827282486387211,0.2590600226500566,0.2590600226500566,0.7409399773499434,0.2590600226500566,0.7409399773499434,0.7963954502389388,1.0981617748701864
pair,weekend_screen_time > 5.41 AND daily_screen_time_hours <= 3.67,weekend_screen_time,>,5.41,daily_screen_time_hours,<=,3.67,21902,0.14163767347413894,0.25860651995251577,0.25860651995251577,0.7413934800474842,0.25860651995251577,0.7413934800474842,0.7950013042750109,1.0988339201754256
pair,weekend_screen_time > 6.58 AND work_study_hours > 1.99,weekend_screen_time,>,6.58,work_study_hours,>,1.99,19897,0.12867157287530556,0.25692315424435846,0.25692315424435846,0.7430768457556416,0.25692315424435846,0.7430768457556416,0.7898263460651305,1.101328869739947
univariate,app_opens_per_day <= 32,app_opens_per_day,<=,32.0,,,,13909,0.089947876922281,0.2565964483427996,0.2565964483427996,0.7434035516572004,0.2565964483427996,0.7434035516572004,0.7888219954482113,1.101813087009475
univariate,weekend_screen_time <= 5.68,weekend_screen_time,<=,5.68,,,,42803,0.2768019969734987,0.25381398500105135,0.25381398500105135,0.7461860149989487,0.25381398500105135,0.7461860149989487,0.7802682204459668,1.1059370308852179
pair,weekend_screen_time <= 7.78 AND work_study_hours > 0.95,weekend_screen_time,<=,7.78,work_study_hours,>,0.95,71601,0.46303529624791445,0.24963338500858925,0.24963338500858925,0.7503666149914108,0.24963338500858925,0.7503666149914108,0.7674163308367268,1.1121331807058343
univariate,work_study_hours > 1.65,work_study_hours,>,1.65,,,,57589,0.3724213303671896,0.24765146121655177,0.24765146121655177,0.7523485387834482,0.24765146121655177,0.7523485387834482,0.7613235532844331,1.1150706291033492
pair,social_media_hours <= 1.91 AND weekend_screen_time > 6.58,social_media_hours,<=,1.91,weekend_screen_time,>,6.58,48520,0.31377316760867596,0.2416941467436109,0.2416941467436109,0.7583058532563891,0.2416941467436109,0.7583058532563891,0.743009735145455,1.1239000825476932
pair,work_study_hours > 1.99 AND daily_screen_time_hours > 4.5,work_study_hours,>,1.99,daily_screen_time_hours,>,4.5,29257,0.18920159861350028,0.23672967153159927,0.23672967153159927,0.7632703284684007,0.23672967153159927,0.7632703284684007,0.7277480771280357,1.1312580293136656
univariate,gaming_hours > 1.21,gaming_hours,>,1.21,,,,41446,0.26802643661807884,0.23568016213868648,0.23568016213868648,0.7643198378613135,0.23568016213868648,0.7643198378613135,0.72452170318987,1.132813527913952
pair,weekend_screen_time <= 6.58 AND work_study_hours > 0.95,weekend_screen_time,<=,6.58,work_study_hours,>,0.95,45944,0.29711447676448904,0.23478582622322827,0.23478582622322827,0.7652141737767717,0.23478582622322827,0.7652141737767717,0.7217723594402236,1.1341390408384435
pair,work_study_hours > 0.95 AND daily_screen_time_hours <= 4.5,work_study_hours,>,0.95,daily_screen_time_hours,<=,4.5,45552,0.2945794585925476,0.2287056550755181,0.2287056550755181,0.7712943449244819,0.2287056550755181,0.7712943449244819,0.7030808585703598,1.1431505825870274
pair,social_media_hours <= 1.91 AND weekend_screen_time > 5.41,social_media_hours,<=,1.91,weekend_screen_time,>,5.41,76606,0.4954020461218102,0.22778894603555858,0.22778894603555858,0.7722110539644415,0.22778894603555858,0.7722110539644415,0.7002627359548035,1.144509255161238
pair,weekend_screen_time > 5.41 AND work_study_hours > 1.99,weekend_screen_time,>,5.41,work_study_hours,>,1.99,26570,0.17182508374613603,0.2243884079789236,0.2243884079789236,0.7756115920210764,0.2243884079789236,0.7756115920210764,0.689808892058068,1.1495492597796204
pair,weekend_screen_time <= 5.41 AND work_study_hours > 0.95,weekend_screen_time,<=,5.41,work_study_hours,>,0.95,22728,0.14697931890787277,0.22047694473776838,0.22047694473776838,0.7795230552622316,0.22047694473776838,0.7795230552622316,0.6777843755110252,1.1553465167053563
univariate,work_study_hours > 1.87,work_study_hours,>,1.87,,,,43004,0.2781018404749279,0.2201888196446842,0.2201888196446842,0.7798111803553158,0.2201888196446842,0.7798111803553158,0.676898628992189,1.1557735525966273
pair,work_study_hours > 1.45 AND daily_screen_time_hours <= 5.32,work_study_hours,>,1.45,daily_screen_time_hours,<=,5.32,46141,0.29838845273355147,0.21651026202292972,0.21651026202292972,0.7834897379770702,0.21651026202292972,0.7834897379770702,0.665590104722644,1.161225615503688
pair,weekend_screen_time <= 7.78 AND work_study_hours > 1.45,weekend_screen_time,<=,7.78,work_study_hours,>,1.45,45905,0.2968622683239132,0.20847402243764296,0.20847402243764296,0.7915259775623571,0.20847402243764296,0.7915259775623571,0.6408853101453745,1.173136284918267
pair,work_study_hours > 1.99 AND daily_screen_time_hours > 3.67,work_study_hours,>,1.99,daily_screen_time_hours,>,3.67,34923,0.22584295821100145,0.2069982533001174,0.2069982533001174,0.7930017466998827,0.2069982533001174,0.7930017466998827,0.6363485398065716,1.1753235515051772
pair,social_media_hours <= 1.91 AND daily_screen_time_hours > 3.67,social_media_hours,<=,1.91,daily_screen_time_hours,>,3.67,78023,0.5045656194627314,0.2068748958640401,0.2068748958640401,0.7931251041359599,0.2068748958640401,0.7931251041359599,0.6359693176485552,1.1755063819976426
pair,social_media_hours <= 1.91 AND work_study_hours > 0.95,social_media_hours,<=,1.91,work_study_hours,>,0.95,83423,0.5394867881578437,0.1990098653848459,0.1990098653848459,0.8009901346151541,0.1990098653848459,0.8009901346151541,0.6117908495640298,1.1871632990144991
univariate,gaming_hours > 1.41,gaming_hours,>,1.41,,,,27769,0.1795788765730693,0.19806258777773778,0.19806258777773778,0.8019374122222622,0.19806258777773778,0.8019374122222622,0.6088787538701558,1.1885672778658458
pair,social_media_hours <= 1.91 AND daily_screen_time_hours > 4.5,social_media_hours,<=,1.91,daily_screen_time_hours,>,4.5,46310,0.2994813559760467,0.1889224789462319,0.1889224789462319,0.8110775210537681,0.1889224789462319,0.8110775210537681,0.5807804737355445,1.2021140136929676
pair,weekend_screen_time <= 6.58 AND work_study_hours > 1.45,weekend_screen_time,<=,6.58,work_study_hours,>,1.45,28194,0.1823273018870365,0.18801872738880612,0.18801872738880612,0.8119812726111939,0.18801872738880612,0.8119812726111939,0.5780021846691049,1.203453481726389
pair,social_media_hours <= 1.91 AND daily_screen_time_hours > 5.32,social_media_hours,<=,1.91,daily_screen_time_hours,>,5.32,20021,0.1294734663786748,0.1794615653563758,0.1794615653563758,0.8205384346436242,0.1794615653563758,0.8205384346436242,0.5516959841219423,1.216136220588713
univariate,work_study_hours > 2.13,work_study_hours,>,2.13,,,,28763,0.18600695836620665,0.17873657128950388,0.17873657128950388,0.8212634287104961,0.17873657128950388,0.8212634287104961,0.5494672265915418,1.217210748614713
pair,work_study_hours > 0.95 AND daily_screen_time_hours <= 3.67,work_study_hours,>,0.95,daily_screen_time_hours,<=,3.67,18054,0.11675310733732555,0.17431040212695248,0.17431040212695248,0.8256895978730475,0.17431040212695248,0.8256895978730475,0.5358604147531694,1.2237708613526002
pair,weekend_screen_time <= 5.41 AND work_study_hours > 1.45,weekend_screen_time,<=,5.41,work_study_hours,>,1.45,13609,0.08800781199477475,0.1742229407010067,0.1742229407010067,0.8257770592989933,0.1742229407010067,0.8257770592989933,0.535591543157382,1.2239004896594607
pair,social_media_hours <= 1.38 AND weekend_screen_time > 7.78,social_media_hours,<=,1.38,weekend_screen_time,>,7.78,12880,0.08329345422093459,0.1687888198757764,0.1687888198757764,0.8312111801242236,0.1687888198757764,0.8312111801242236,0.5188861130528382,1.2319545074648404
pair,social_media_hours <= 1.91 AND work_study_hours > 1.45,social_media_hours,<=,1.91,work_study_hours,>,1.45,57149,0.36957590180684713,0.16873436105618647,0.16873436105618647,0.8312656389438136,0.16873436105618647,0.8312656389438136,0.5187186971941381,1.2320352219569808
pair,work_study_hours > 1.45 AND daily_screen_time_hours <= 4.5,work_study_hours,>,1.45,daily_screen_time_hours,<=,4.5,22934,0.1483114968247604,0.15095491410133427,0.15095491410133427,0.8490450858986658,0.15095491410133427,0.8490450858986658,0.46406159295333543,1.2583864914538476
univariate,gaming_hours > 1.72,gaming_hours,>,1.72,,,,13618,0.08806601394259994,0.14062270524306064,0.14062270524306064,0.8593772947569394,0.14062270524306064,0.8593772947569394,0.4322985905360816,1.2737000622760255
pair,weekend_screen_time <= 7.78 AND work_study_hours > 1.99,weekend_screen_time,<=,7.78,work_study_hours,>,1.99,22237,0.14380407930985423,0.13846292215676576,0.13846292215676576,0.8615370778432343,0.13846292215676576,0.8615370778432343,0.4256590426589793,1.2769011194464905
pair,social_media_hours <= 1.38 AND weekend_screen_time > 6.58,social_media_hours,<=,1.38,weekend_screen_time,>,6.58,30113,0.19473725053998475,0.134891907149736,0.134891907149736,0.865108092850264,0.134891907149736,0.865108092850264,0.414681123043126,1.2821937913201742
pair,social_media_hours <= 1.38 AND weekend_screen_time > 5.41,social_media_hours,<=,1.38,weekend_screen_time,>,5.41,49615,0.32085440459407377,0.12897309281467298,0.12897309281467298,0.871026907185327,0.12897309281467298,0.871026907185327,0.3964856610068218,1.2909661829497463
pair,work_study_hours > 1.99 AND daily_screen_time_hours <= 5.32,work_study_hours,>,1.99,daily_screen_time_hours,<=,5.32,19086,0.12342693068794702,0.12695169233993503,0.12695169233993503,0.873048307660065,0.12695169233993503,0.873048307660065,0.39027152528366266,1.2939621405184025
univariate,work_study_hours > 2.51,work_study_hours,>,2.51,,,,14273,0.09230182236765523,0.12408043158410986,0.12408043158410986,0.8759195684158901,0.12408043158410986,0.8759195684158901,0.38144477162635426,1.2982176927954028
pair,social_media_hours <= 1.91 AND work_study_hours > 1.99,social_media_hours,<=,1.91,work_study_hours,>,1.99,30108,0.1947049161245263,0.12106416899163013,0.12106416899163013,0.8789358310083699,0.12106416899163013,0.8789358310083699,0.37217225716887803,1.3026881551584664
pair,weekend_screen_time <= 6.58 AND work_study_hours > 1.99,weekend_screen_time,<=,6.58,work_study_hours,>,1.99,12863,0.08318351720837591,0.11536966493042058,0.11536966493042058,0.8846303350695794,0.11536966493042058,0.8846303350695794,0.35466636382677597,1.3111280921007673
pair,social_media_hours <= 1.38 AND daily_screen_time_hours > 5.32,social_media_hours,<=,1.38,daily_screen_time_hours,>,5.32,10389,0.0671844484395411,0.09895081336028491,0.09895081336028491,0.9010491866397151,0.09895081336028491,0.9010491866397151,0.3041919658287966,1.3354627963045798
pair,social_media_hours <= 1.38 AND work_study_hours > 0.95,social_media_hours,<=,1.38,work_study_hours,>,0.95,55228,0.3571530193877155,0.09875425508799884,0.09875425508799884,0.9012457449120012,0.09875425508799884,0.9012457449120012,0.30358771160171,1.335754119202193
pair,social_media_hours <= 1.38 AND daily_screen_time_hours > 3.67,social_media_hours,<=,1.38,daily_screen_time_hours,>,3.67,44628,0.28860405861582833,0.08306444384691225,0.08306444384691225,0.9169355561530877,0.08306444384691225,0.9169355561530877,0.25535451004599174,1.3590082983349139
pair,social_media_hours <= 1.38 AND daily_screen_time_hours > 4.5,social_media_hours,<=,1.38,daily_screen_time_hours,>,4.5,24870,0.16083138249026735,0.08029754724567752,0.08029754724567752,0.9197024527543225,0.08029754724567752,0.9197024527543225,0.24684858990453665,1.3631091704370804
pair,social_media_hours <= 0.9 AND weekend_screen_time > 6.58,social_media_hours,<=,0.9,weekend_screen_time,>,6.58,14332,0.0926833684700648,0.07493720346078706,0.07493720346078706,0.925062796539213,0.07493720346078706,0.925062796539213,0.2303699632205194,1.3710538418337885
pair,social_media_hours <= 1.38 AND work_study_hours > 1.45,social_media_hours,<=,1.38,work_study_hours,>,1.45,38081,0.24626537501455048,0.07216197053648801,0.07216197053648801,0.927838029463512,0.07216197053648801,0.927838029463512,0.22183841577581537,1.3751670693650209
pair,social_media_hours <= 0.9 AND weekend_screen_time > 5.41,social_media_hours,<=,0.9,weekend_screen_time,>,5.41,24415,0.15788895068354955,0.06958836780667622,0.06958836780667622,0.9304116321933238,0.06958836780667622,0.9304116321933238,0.21392671452689951,1.3789814568025691
pair,social_media_hours <= 1.38 AND work_study_hours > 1.99,social_media_hours,<=,1.38,work_study_hours,>,1.99,21291,0.13768640790511788,0.06439340566436523,0.06439340566436523,0.9356065943356348,0.06439340566436523,0.9356065943356348,0.19795649970186385,1.3866810128003273
pair,social_media_hours <= 0.9 AND daily_screen_time_hours > 4.5,social_media_hours,<=,0.9,daily_screen_time_hours,>,4.5,10393,0.06721031597190787,0.05734629077263543,0.05734629077263543,0.9426537092273646,0.05734629077263543,0.9426537092273646,0.17629244602166375,1.3971256809702042
pair,social_media_hours <= 0.9 AND work_study_hours > 1.99,social_media_hours,<=,0.9,work_study_hours,>,1.99,11210,0.07249375945781653,0.04344335414808207,0.04344335414808207,0.9565566458519179,0.04344335414808207,0.9565566458519179,0.13355240701645144,1.4177314979408766
pair,social_media_hours <= 0.9 AND daily_screen_time_hours > 3.67,social_media_hours,<=,0.9,daily_screen_time_hours,>,3.67,18913,0.1223081599130851,0.04092423200972876,0.04092423200972876,0.9590757679902713,0.04092423200972876,0.9590757679902713,0.1258081885567364,1.4214651386177684
pair,social_media_hours <= 0.9 AND work_study_hours > 0.95,social_media_hours,<=,0.9,work_study_hours,>,0.95,27416,0.17729606684170363,0.036876276626787274,0.036876276626787274,0.9631237233732127,0.036876276626787274,0.9631237233732127,0.11336407148777607,1.4274646932427264
pair,social_media_hours <= 0.9 AND work_study_hours > 1.45,social_media_hours,<=,0.9,work_study_hours,>,1.45,19223,0.1243128936715082,0.03641471154346356,0.03641471154346356,0.9635852884565365,0.03641471154346356,0.9635852884565365,0.11194514035132393,1.4281487879691763
